claim_id,patient_id,claim_date,provider,procedure,diagnosis,patient_age,los_days,billed_amount,prior_claims,anomaly_type,is_anomaly
C0001,P25630,2026-01-01,Hospital F,Appendectomy,Acute Appendicitis,49,2,65600.0,4,None,0
C0002,P68741,2026-01-01,Hospital B,C-Section,Obstructed Labour,34,4,101200.0,2,None,0
C0003,P77855,2026-01-01,Hospital G,Cataract Surgery,Cataract,69,0,43100.0,2,None,0
C0004,P37053,2026-01-01,Hospital C,C-Section,Obstructed Labour,30,3,81700.0,2,None,0
C0005,P89918,2026-01-01,Hospital C,Angioplasty,Coronary Artery Disease,51,2,291000.0,2,None,0
C0006,P21345,2026-01-01,Hospital A,Angioplasty,Coronary Artery Disease,67,3,752400.0,2,Inflated Billing,1
C0007,P15477,2026-01-01,Hospital C,C-Section,Obstructed Labour,28,3,102100.0,5,None,0
C0008,P18987,2026-01-01,Hospital F,Cataract Surgery,Cataract,65,1,53900.0,1,None,0
C0009,P49211,2026-01-01,Hospital E,Appendectomy,Acute Appendicitis,13,3,100600.0,2,None,0
C0010,P81494,2026-01-01,Hospital E,C-Section,Obstructed Labour,33,3,140300.0,5,None,0
C0011,P97146,2026-01-01,Hospital C,Appendectomy,Acute Appendicitis,35,2,55900.0,1,None,0
C0012,P73816,2026-01-01,Hospital D,Angioplasty,Coronary Artery Disease,67,2,204100.0,3,None,0
C0013,P78745,2026-01-01,Hospital A,Cataract Surgery,Cataract,53,7,40500.0,2,Abnormal Length of Stay,1
C0014,P31522,2026-01-01,Hospital C,Appendectomy,Acute Appendicitis,26,3,89000.0,3,None,0
C0015,P76124,2026-01-02,Hospital D,Angioplasty,Coronary Artery Disease,56,3,193400.0,3,None,0
C0016,P23894,2026-01-02,Hospital B,Knee Replacement,Osteoarthritis,56,4,254200.0,1,None,0
C0017,P79507,2026-01-02,Hospital C,C-Section,Obstructed Labour,36,3,73200.0,1,None,0
C0018,P91499,2026-01-02,Hospital D,Cataract Surgery,Cataract,54,10,38700.0,2,Abnormal Length of Stay,1
C0019,P41385,2026-01-02,Hospital G,Appendectomy,Acute Appendicitis,49,2,68000.0,3,None,0
C0020,P41833,2026-01-02,Hospital G,C-Section,Obstructed Labour,35,3,73800.0,2,None,0
C0021,P67424,2026-01-02,Hospital C,Angioplasty,Coronary Artery Disease,64,3,211800.0,3,None,0
C0022,P59112,2026-01-02,Hospital B,Knee Replacement,Osteoarthritis,59,4,262900.0,0,None,0
C0023,P34001,2026-01-02,Hospital D,Knee Replacement,Osteoarthritis,57,3,303300.0,1,None,0
C0024,P99160,2026-01-02,Hospital C,Appendectomy,Acute Appendicitis,42,2,88500.0,1,None,0
C0025,P18760,2026-01-02,Hospital F,Appendectomy,Acute Appendicitis,46,2,51800.0,5,None,0
C0026,P86239,2026-01-02,Hospital A,C-Section,Obstructed Labour,23,4,112700.0,1,None,0
C0027,P94904,2026-01-02,Hospital E,Appendectomy,Acute Appendicitis,44,2,96300.0,1,None,0
C0028,P80271,2026-01-02,Hospital F,Cataract Surgery,Cataract,50,0,35200.0,5,None,0
C0029,P27420,2026-01-02,Hospital D,Knee Replacement,Osteoarthritis,56,4,291000.0,2,None,0
C0030,P88046,2026-01-02,Hospital G,Angioplasty,Coronary Artery Disease,72,3,277100.0,3,None,0
C0031,P47252,2026-01-03,Hospital D,Appendectomy,Acute Appendicitis,52,2,233300.0,1,Inflated Billing,1
C0032,P51152,2026-01-03,Hospital E,Angioplasty,Coronary Artery Disease,62,3,904000.0,1,Inflated Billing,1
C0033,P17166,2026-01-03,Hospital H,Appendectomy,Acute Appendicitis,31,2,84800.0,1,None,0
C0034,P10554,2026-01-03,Hospital F,Cataract Surgery,Cataract,65,1,47200.0,6,None,0
C0035,P77061,2026-01-03,Hospital H,Cataract Surgery,Obstructed Labour,57,1,53100.0,1,Diagnosis Mismatch,1
C0036,P10118,2026-01-03,Hospital B,Angioplasty,Coronary Artery Disease,53,3,202300.0,1,None,0
C0037,P21173,2026-01-03,Hospital F,C-Section,Obstructed Labour,27,3,109700.0,1,None,0
C0038,P77733,2026-01-03,Hospital D,C-Section,Obstructed Labour,29,3,119100.0,3,None,0
C0039,P13520,2026-01-03,Hospital C,Cataract Surgery,Cataract,68,0,53100.0,1,None,0
C0040,P79543,2026-01-03,Hospital B,Appendectomy,Acute Appendicitis,45,3,71200.0,2,None,0
C0041,P87923,2026-01-03,Hospital B,Angioplasty,Coronary Artery Disease,71,2,198800.0,2,None,0
C0042,P48128,2026-01-03,Hospital H,Cataract Surgery,Cataract,66,6,55000.0,2,Abnormal Length of Stay,1
C0043,P88066,2026-01-04,Hospital B,C-Section,Obstructed Labour,24,3,84400.0,1,None,0
C0044,P21986,2026-01-04,Hospital D,C-Section,Obstructed Labour,37,4,106200.0,1,None,0
C0045,P42648,2026-01-04,Hospital D,C-Section,Obstructed Labour,27,3,94900.0,4,None,0
C0046,P74318,2026-01-04,Hospital G,Angioplasty,Coronary Artery Disease,56,2,209800.0,3,None,0
C0047,P87719,2026-01-04,Hospital A,Knee Replacement,Osteoarthritis,64,13,294400.0,1,Abnormal Length of Stay,1
C0048,P99934,2026-01-04,Hospital G,Knee Replacement,Osteoarthritis,58,4,334500.0,2,None,0
C0049,P16632,2026-01-04,Hospital F,Cataract Surgery,Cataract,70,0,58200.0,2,None,0
C0050,P27284,2026-01-04,Hospital G,Cataract Surgery,Cataract,59,1,45200.0,0,None,0
C0051,P86963,2026-01-04,Hospital A,C-Section,Obstructed Labour,35,4,169200.0,2,Inflated Billing,1
C0052,P30095,2026-01-04,Hospital E,Cataract Surgery,Cataract,73,0,52100.0,1,None,0
C0053,P20229,2026-01-04,Hospital C,C-Section,Acute Appendicitis,36,3,109600.0,1,Diagnosis Mismatch,1
C0054,P57308,2026-01-05,Hospital F,Appendectomy,Acute Appendicitis,46,2,81500.0,2,None,0
C0055,P76984,2026-01-05,Hospital F,Appendectomy,Acute Appendicitis,42,2,52900.0,1,None,0
C0056,P48414,2026-01-05,Hospital D,Knee Replacement,Osteoarthritis,74,4,280000.0,2,None,0
C0057,P85295,2026-01-05,Hospital B,Angioplasty,Coronary Artery Disease,53,2,465300.0,2,Inflated Billing,1
C0058,P87465,2026-01-05,Hospital H,Cataract Surgery,Cataract,73,0,80700.0,3,None,0
C0059,P87298,2026-01-05,Hospital G,Cataract Surgery,Cataract,74,0,37600.0,4,None,0
C0060,P32525,2026-01-05,Hospital B,Knee Replacement,Osteoarthritis,57,4,293600.0,3,None,0
C0061,P72498,2026-01-05,Hospital C,Appendectomy,Acute Appendicitis,39,3,57000.0,1,None,0
C0062,P34991,2026-01-05,Hospital E,Cataract Surgery,Cataract,55,0,70000.0,2,None,0
C0063,P19731,2026-01-05,Hospital D,Cataract Surgery,Cataract,52,1,52900.0,2,None,0
C0064,P57733,2026-01-05,Hospital D,C-Section,Obstructed Labour,29,3,90300.0,1,None,0
C0065,P68858,2026-01-05,Hospital D,Appendectomy,Acute Appendicitis,21,2,88600.0,3,None,0
C0066,P19590,2026-01-05,Hospital D,C-Section,Obstructed Labour,27,4,80900.0,1,None,0
C0067,P81823,2026-01-06,Hospital H,Knee Replacement,Osteoarthritis,63,4,387600.0,2,None,0
C0068,P82021,2026-01-06,Hospital C,Knee Replacement,Obstructed Labour,74,3,273600.0,2,Diagnosis Mismatch,1
C0069,P88066,2026-01-06,Hospital B,C-Section,Obstructed Labour,24,3,84400.0,1,Duplicate Claim,1
C0070,P92293,2026-01-06,Hospital D,Appendectomy,Acute Appendicitis,24,3,77400.0,3,None,0
C0071,P37452,2026-01-06,Hospital B,Appendectomy,Acute Appendicitis,43,3,76200.0,1,None,0
C0072,P33921,2026-01-06,Hospital H,Appendectomy,Acute Appendicitis,35,2,92900.0,1,None,0
C0073,P69415,2026-01-06,Hospital C,Appendectomy,Acute Appendicitis,17,3,87100.0,0,None,0
C0074,P16404,2026-01-06,Hospital G,C-Section,Obstructed Labour,26,3,63800.0,1,None,0
C0075,P83755,2026-01-06,Hospital D,Cataract Surgery,Cataract,61,0,55600.0,1,None,0
C0076,P57946,2026-01-07,Hospital H,Knee Replacement,Osteoarthritis,68,3,450900.0,4,None,0
C0077,P73815,2026-01-07,Hospital G,Knee Replacement,Osteoarthritis,71,4,329100.0,8,None,0
C0078,P21483,2026-01-07,Hospital H,Knee Replacement,Osteoarthritis,64,3,363100.0,4,None,0
C0079,P44059,2026-01-07,Hospital H,Knee Replacement,Osteoarthritis,74,4,377800.0,3,None,0
C0080,P36968,2026-01-07,Hospital G,Appendectomy,Acute Appendicitis,15,2,54000.0,4,None,0
C0081,P36246,2026-01-07,Hospital B,Cataract Surgery,Cataract,71,0,31800.0,4,None,0
C0082,P48771,2026-01-07,Hospital E,Cataract Surgery,Cataract,79,1,98500.0,7,Provider Outlier,1
C0083,P10839,2026-01-07,Hospital H,Angioplasty,Coronary Artery Disease,58,3,317000.0,1,None,0
C0084,P18145,2026-01-07,Hospital G,Angioplasty,Coronary Artery Disease,67,2,193900.0,1,None,0
C0085,P99533,2026-01-07,Hospital G,Appendectomy,Acute Appendicitis,17,2,64600.0,5,None,0
C0086,P48577,2026-01-08,Hospital H,Cataract Surgery,Cataract,65,0,72700.0,1,None,0
C0087,P27006,2026-01-08,Hospital H,Appendectomy,Acute Appendicitis,34,3,84000.0,1,None,0
C0088,P57246,2026-01-08,Hospital B,Angioplasty,Coronary Artery Disease,65,3,163300.0,5,None,0
C0089,P69355,2026-01-08,Hospital G,Angioplasty,Coronary Artery Disease,60,3,262500.0,2,None,0
C0090,P67132,2026-01-08,Hospital E,Cataract Surgery,Cataract,76,1,59300.0,4,None,0
C0091,P42808,2026-01-08,Hospital A,Knee Replacement,Osteoarthritis,60,4,349500.0,1,None,0
C0092,P98936,2026-01-08,Hospital A,Cataract Surgery,Cataract,75,0,51900.0,3,None,0
C0093,P63641,2026-01-08,Hospital A,Cataract Surgery,Cataract,53,0,35500.0,1,None,0
C0094,P57153,2026-01-08,Hospital G,Cataract Surgery,Cataract,64,1,43300.0,2,None,0
C0095,P57477,2026-01-08,Hospital D,Cataract Surgery,Cataract,77,1,32900.0,1,None,0
C0096,P98237,2026-01-08,Hospital D,Knee Replacement,Osteoarthritis,60,3,262600.0,1,None,0
C0097,P11156,2026-01-08,Hospital C,Knee Replacement,Osteoarthritis,63,4,255000.0,3,None,0
C0098,P48522,2026-01-08,Hospital G,Appendectomy,Acute Appendicitis,43,3,87600.0,1,None,0
C0099,P20313,2026-01-08,Hospital A,Appendectomy,Acute Appendicitis,28,2,80900.0,1,None,0
C0100,P10530,2026-01-08,Hospital A,C-Section,Obstructed Labour,28,3,117800.0,0,None,0
C0101,P54243,2026-01-08,Hospital D,C-Section,Obstructed Labour,27,4,107300.0,2,None,0
C0102,P71156,2026-01-08,Hospital D,Angioplasty,Coronary Artery Disease,57,3,179300.0,0,None,0
C0103,P15387,2026-01-09,Hospital D,C-Section,Obstructed Labour,26,3,88500.0,2,None,0
C0104,P32069,2026-01-09,Hospital C,Cataract Surgery,Cataract,78,1,44700.0,2,None,0
C0105,P87952,2026-01-09,Hospital B,Angioplasty,Coronary Artery Disease,69,2,165500.0,2,None,0
C0106,P73529,2026-01-09,Hospital A,Knee Replacement,Osteoarthritis,55,0,309300.0,2,Abnormal Length of Stay,1
C0107,P12911,2026-01-09,Hospital E,Knee Replacement,Osteoarthritis,60,4,396800.0,2,None,0
C0108,P77343,2026-01-09,Hospital B,Knee Replacement,Osteoarthritis,68,3,331900.0,2,None,0
C0109,P82202,2026-01-09,Hospital B,Appendectomy,Acute Appendicitis,45,2,66500.0,3,None,0
C0110,P67806,2026-01-09,Hospital H,C-Section,Obstructed Labour,36,3,120200.0,1,None,0
C0111,P74635,2026-01-09,Hospital D,C-Section,Obstructed Labour,37,3,98700.0,3,None,0
C0112,P25585,2026-01-09,Hospital B,Knee Replacement,Osteoarthritis,58,3,335600.0,1,None,0
C0113,P42626,2026-01-09,Hospital D,Knee Replacement,Osteoarthritis,65,4,337500.0,3,None,0
C0114,P55984,2026-01-09,Hospital H,Appendectomy,Acute Appendicitis,47,2,102000.0,2,None,0
C0115,P56148,2026-01-09,Hospital B,Angioplasty,Coronary Artery Disease,64,2,244600.0,3,None,0
C0116,P35785,2026-01-09,Hospital E,Angioplasty,Coronary Artery Disease,55,2,218500.0,3,None,0
C0117,P51747,2026-01-09,Hospital B,Angioplasty,Coronary Artery Disease,68,3,191400.0,3,None,0
C0118,P49737,2026-01-09,Hospital B,Cataract Surgery,Cataract,75,0,41400.0,5,None,0
C0119,P72109,2026-01-09,Hospital G,C-Section,Obstructed Labour,37,4,75300.0,2,None,0
C0120,P80629,2026-01-09,Hospital C,Cataract Surgery,Cataract,61,0,44400.0,3,None,0
C0121,P54471,2026-01-09,Hospital C,Cataract Surgery,Cataract,64,0,37400.0,0,None,0
C0122,P14815,2026-01-09,Hospital D,Knee Replacement,Osteoarthritis,69,3,279400.0,3,None,0
C0123,P56796,2026-01-10,Hospital F,Cataract Surgery,Cataract,79,1,32300.0,2,None,0
C0124,P57937,2026-01-10,Hospital A,Knee Replacement,Osteoarthritis,70,4,309900.0,3,None,0
C0125,P21184,2026-01-10,Hospital A,Cataract Surgery,Cataract,79,0,38300.0,5,None,0
C0126,P65903,2026-01-10,Hospital C,Appendectomy,Acute Appendicitis,51,3,59600.0,1,None,0
C0127,P99688,2026-01-10,Hospital G,Cataract Surgery,Cataract,57,0,54200.0,2,None,0
C0128,P47297,2026-01-10,Hospital G,Angioplasty,Coronary Artery Disease,71,2,157100.0,4,None,0
C0129,P38811,2026-01-10,Hospital D,Knee Replacement,Osteoarthritis,62,3,628900.0,2,Inflated Billing,1
C0130,P36079,2026-01-10,Hospital B,Cataract Surgery,Cataract,53,1,37100.0,0,None,0
C0131,P72896,2026-01-10,Hospital B,Knee Replacement,Osteoarthritis,68,4,347200.0,2,None,0
C0132,P73288,2026-01-10,Hospital G,C-Section,Obstructed Labour,30,3,95200.0,1,None,0
C0133,P41445,2026-01-10,Hospital A,Knee Replacement,Osteoarthritis,56,4,334900.0,1,None,0
C0134,P11222,2026-01-10,Hospital H,Cataract Surgery,Cataract,61,0,76000.0,9,Provider Outlier,1
C0135,P98045,2026-01-10,Hospital D,Knee Replacement,Osteoarthritis,62,3,328200.0,1,None,0
C0136,P84461,2026-01-11,Hospital F,Appendectomy,Acute Appendicitis,17,2,54000.0,2,None,0
C0137,P91287,2026-01-11,Hospital H,Cataract Surgery,Cataract,58,1,71200.0,3,None,0
C0138,P82137,2026-01-11,Hospital E,C-Section,Obstructed Labour,28,4,142900.0,1,None,0
C0139,P66177,2026-01-11,Hospital D,Appendectomy,Acute Appendicitis,33,3,81100.0,1,None,0
C0140,P93658,2026-01-11,Hospital F,Angioplasty,Coronary Artery Disease,66,3,240600.0,3,None,0
C0141,P62540,2026-01-11,Hospital D,C-Section,Obstructed Labour,37,3,107800.0,0,None,0
C0142,P31876,2026-01-11,Hospital D,Appendectomy,Acute Appendicitis,59,2,85500.0,3,None,0
C0143,P26386,2026-01-11,Hospital H,C-Section,Obstructed Labour,33,4,93400.0,2,None,0
C0144,P48642,2026-01-11,Hospital C,Cataract Surgery,Cataract,79,0,41100.0,2,None,0
C0145,P22805,2026-01-11,Hospital H,Angioplasty,Coronary Artery Disease,66,2,256000.0,0,None,0
C0146,P14103,2026-01-11,Hospital F,Knee Replacement,Osteoarthritis,60,4,295300.0,2,None,0
C0147,P41574,2026-01-11,Hospital B,Cataract Surgery,Cataract,75,0,32300.0,5,None,0
C0148,P88808,2026-01-11,Hospital B,Appendectomy,Acute Appendicitis,15,3,84700.0,2,None,0
C0149,P55334,2026-01-11,Hospital H,Appendectomy,Acute Appendicitis,59,3,104900.0,2,None,0
C0150,P25060,2026-01-11,Hospital G,Cataract Surgery,Cataract,72,1,42500.0,3,None,0
C0151,P87367,2026-01-11,Hospital B,Knee Replacement,Osteoarthritis,59,3,262800.0,1,None,0
C0152,P31910,2026-01-11,Hospital A,Angioplasty,Coronary Artery Disease,65,2,833500.0,0,Inflated Billing,1
C0153,P10675,2026-01-11,Hospital C,Cataract Surgery,Cataract,60,1,35000.0,2,None,0
C0154,P83727,2026-01-12,Hospital C,Cataract Surgery,Cataract,63,1,46200.0,2,None,0
C0155,P73846,2026-01-12,Hospital E,Angioplasty,Coronary Artery Disease,63,0,292600.0,1,Abnormal Length of Stay,1
C0156,P49546,2026-01-12,Hospital B,C-Section,Obstructed Labour,28,4,80000.0,1,None,0
C0157,P40423,2026-01-12,Hospital D,Angioplasty,Coronary Artery Disease,51,2,245000.0,1,None,0
C0158,P43003,2026-01-12,Hospital E,Appendectomy,Acute Appendicitis,36,2,105600.0,5,None,0
C0159,P26043,2026-01-12,Hospital F,C-Section,Obstructed Labour,25,4,96200.0,1,None,0
C0160,P85319,2026-01-12,Hospital A,Cataract Surgery,Cataract,73,1,38500.0,3,None,0
C0161,P30200,2026-01-12,Hospital C,Cataract Surgery,Cataract,76,1,31700.0,0,None,0
C0162,P45559,2026-01-12,Hospital F,C-Section,Obstructed Labour,23,4,110900.0,1,None,0
C0163,P79215,2026-01-12,Hospital C,Appendectomy,Acute Appendicitis,23,3,73800.0,3,None,0
C0164,P94843,2026-01-12,Hospital G,Cataract Surgery,Cataract,71,1,44800.0,2,None,0
C0165,P85742,2026-01-13,Hospital C,Appendectomy,Acute Appendicitis,47,2,59700.0,1,None,0
C0166,P94529,2026-01-13,Hospital A,Knee Replacement,Osteoarthritis,73,4,337500.0,4,None,0
C0167,P95952,2026-01-13,Hospital A,Appendectomy,Acute Appendicitis,29,3,77300.0,0,None,0
C0168,P54125,2026-01-13,Hospital A,Appendectomy,Acute Appendicitis,46,2,60500.0,4,None,0
C0169,P99906,2026-01-13,Hospital E,Cataract Surgery,Cataract,59,0,50500.0,1,None,0
C0170,P60209,2026-01-13,Hospital H,C-Section,Obstructed Labour,22,4,149500.0,2,None,0
C0171,P96255,2026-01-14,Hospital C,Angioplasty,Coronary Artery Disease,53,2,198000.0,0,None,0
C0172,P74079,2026-01-14,Hospital C,Angioplasty,Coronary Artery Disease,74,3,164300.0,3,None,0
C0173,P32797,2026-01-14,Hospital F,Appendectomy,Acute Appendicitis,42,3,60000.0,1,None,0
C0174,P79162,2026-01-14,Hospital A,Angioplasty,Coronary Artery Disease,67,2,298900.0,1,None,0
C0175,P26322,2026-01-14,Hospital E,C-Section,Obstructed Labour,22,3,112200.0,5,None,0
C0176,P66597,2026-01-14,Hospital D,Cataract Surgery,Cataract,79,0,50500.0,3,None,0
C0177,P74773,2026-01-15,Hospital C,Angioplasty,Coronary Artery Disease,63,3,191600.0,3,None,0
C0178,P36577,2026-01-15,Hospital E,Appendectomy,Acute Appendicitis,17,2,104600.0,1,None,0
C0179,P57269,2026-01-15,Hospital C,C-Section,Obstructed Labour,30,4,112500.0,0,None,0
C0180,P54730,2026-01-15,Hospital G,Angioplasty,Coronary Artery Disease,71,2,194700.0,3,None,0
C0181,P64970,2026-01-15,Hospital C,Appendectomy,Acute Appendicitis,19,3,75900.0,1,None,0
C0182,P38521,2026-01-15,Hospital C,Knee Replacement,Osteoarthritis,73,4,330400.0,0,None,0
C0183,P40423,2026-01-15,Hospital D,Angioplasty,Coronary Artery Disease,51,2,245000.0,1,Duplicate Claim,1
C0184,P96789,2026-01-15,Hospital B,Knee Replacement,Osteoarthritis,67,4,260200.0,0,None,0
C0185,P40170,2026-01-15,Hospital D,Appendectomy,Acute Appendicitis,36,2,52800.0,3,None,0
C0186,P62540,2026-01-15,Hospital D,C-Section,Obstructed Labour,37,3,107800.0,0,Duplicate Claim,1
C0187,P45543,2026-01-15,Hospital H,C-Section,Obstructed Labour,35,4,116200.0,2,None,0
C0188,P61440,2026-01-16,Hospital F,Angioplasty,Coronary Artery Disease,70,3,222200.0,3,None,0
C0189,P38991,2026-01-16,Hospital G,Knee Replacement,Osteoarthritis,66,4,270200.0,3,None,0
C0190,P33712,2026-01-16,Hospital B,Appendectomy,Acute Appendicitis,26,3,87700.0,4,None,0
C0191,P40815,2026-01-16,Hospital F,Cataract Surgery,Coronary Artery Disease,77,0,31500.0,3,Diagnosis Mismatch,1
C0192,P38911,2026-01-16,Hospital C,Angioplasty,Coronary Artery Disease,58,3,277400.0,1,None,0
C0193,P60856,2026-01-16,Hospital H,Appendectomy,Acute Appendicitis,52,2,108500.0,1,None,0
C0194,P49546,2026-01-16,Hospital B,C-Section,Obstructed Labour,28,4,80000.0,1,Duplicate Claim,1
C0195,P61333,2026-01-16,Hospital H,Appendectomy,Acute Appendicitis,12,2,89500.0,0,None,0
C0196,P50164,2026-01-16,Hospital D,Knee Replacement,Osteoarthritis,74,3,921900.0,2,Inflated Billing,1
C0197,P74471,2026-01-16,Hospital E,Angioplasty,Coronary Artery Disease,71,9,332800.0,2,Abnormal Length of Stay,1
C0198,P31045,2026-01-17,Hospital E,C-Section,Obstructed Labour,32,3,149800.0,0,None,0
C0199,P98129,2026-01-17,Hospital E,Appendectomy,Acute Appendicitis,35,3,78600.0,2,None,0
C0200,P54769,2026-01-17,Hospital H,Appendectomy,Acute Appendicitis,23,3,85800.0,8,Provider Outlier,1
C0201,P46258,2026-01-17,Hospital F,Angioplasty,Coronary Artery Disease,69,2,292400.0,1,None,0
C0202,P16046,2026-01-17,Hospital H,Knee Replacement,Osteoarthritis,64,3,447900.0,0,None,0
C0203,P14792,2026-01-17,Hospital E,Knee Replacement,Osteoarthritis,66,4,313800.0,0,None,0
C0204,P15177,2026-01-17,Hospital G,Angioplasty,Coronary Artery Disease,69,2,173200.0,2,None,0
C0205,P23733,2026-01-17,Hospital H,Knee Replacement,Osteoarthritis,72,4,425400.0,1,None,0
C0206,P85212,2026-01-17,Hospital H,Angioplasty,Coronary Artery Disease,57,2,268400.0,1,None,0
C0207,P89130,2026-01-17,Hospital G,Appendectomy,Acute Appendicitis,39,2,57800.0,0,None,0
C0208,P10797,2026-01-17,Hospital C,Appendectomy,Acute Appendicitis,20,3,82700.0,3,None,0
C0209,P99696,2026-01-18,Hospital C,C-Section,Obstructed Labour,22,4,65900.0,0,None,0
C0210,P75246,2026-01-18,Hospital D,Cataract Surgery,Cataract,59,1,30900.0,4,None,0
C0211,P58591,2026-01-18,Hospital C,Appendectomy,Acute Appendicitis,56,3,80900.0,3,None,0
C0212,P15157,2026-01-18,Hospital E,Angioplasty,Coronary Artery Disease,67,2,329800.0,3,None,0
C0213,P41436,2026-01-18,Hospital A,C-Section,Obstructed Labour,25,3,69200.0,0,None,0
C0214,P72642,2026-01-18,Hospital D,Knee Replacement,Osteoarthritis,58,4,302300.0,3,None,0
C0215,P42101,2026-01-18,Hospital F,C-Section,Obstructed Labour,25,3,102000.0,0,None,0
C0216,P27726,2026-01-18,Hospital A,C-Section,Obstructed Labour,34,3,103600.0,3,None,0
C0217,P10139,2026-01-18,Hospital A,Appendectomy,Acute Appendicitis,46,2,61500.0,2,None,0
C0218,P15170,2026-01-18,Hospital H,Cataract Surgery,Cataract,51,1,56800.0,0,None,0
C0219,P22046,2026-01-18,Hospital F,Knee Replacement,Osteoarthritis,58,3,314600.0,1,None,0
C0220,P98892,2026-01-18,Hospital A,Angioplasty,Coronary Artery Disease,58,2,253000.0,1,None,0
C0221,P55599,2026-01-19,Hospital H,Appendectomy,Acute Appendicitis,44,10,112400.0,4,Abnormal Length of Stay,1
C0222,P31743,2026-01-19,Hospital D,Cataract Surgery,Cataract,55,1,36600.0,1,None,0
C0223,P65117,2026-01-19,Hospital D,Cataract Surgery,Cataract,71,0,37600.0,0,None,0
C0224,P83570,2026-01-19,Hospital H,Cataract Surgery,Cataract,79,0,61700.0,2,None,0
C0225,P22342,2026-01-19,Hospital H,Angioplasty,Coronary Artery Disease,51,3,377800.0,2,None,0
C0226,P72957,2026-01-19,Hospital E,C-Section,Obstructed Labour,34,4,136800.0,2,None,0
C0227,P68069,2026-01-19,Hospital D,C-Section,Obstructed Labour,37,4,96500.0,0,None,0
C0228,P63759,2026-01-19,Hospital D,Knee Replacement,Osteoarthritis,66,4,253000.0,2,None,0
C0229,P12194,2026-01-19,Hospital E,Angioplasty,Coronary Artery Disease,64,2,500700.0,9,Provider Outlier,1
C0230,P67455,2026-01-19,Hospital H,Angioplasty,Coronary Artery Disease,58,3,217800.0,0,None,0
C0231,P13087,2026-01-19,Hospital D,Cataract Surgery,Cataract,65,1,56200.0,2,None,0
C0232,P36355,2026-01-19,Hospital B,C-Section,Obstructed Labour,27,3,62300.0,0,None,0
C0233,P78243,2026-01-19,Hospital G,C-Section,Obstructed Labour,22,4,197700.0,2,Inflated Billing,1
C0234,P61178,2026-01-19,Hospital H,Angioplasty,Coronary Artery Disease,55,3,358000.0,2,None,0
C0235,P87467,2026-01-19,Hospital B,Knee Replacement,Osteoarthritis,67,4,322900.0,0,None,0
C0236,P80363,2026-01-19,Hospital E,C-Section,Obstructed Labour,24,3,96500.0,2,None,0
C0237,P90347,2026-01-19,Hospital H,C-Section,Obstructed Labour,23,3,91700.0,2,None,0
C0238,P71553,2026-01-19,Hospital D,Appendectomy,Acute Appendicitis,17,3,123400.0,2,Inflated Billing,1
C0239,P22489,2026-01-19,Hospital A,Appendectomy,Acute Appendicitis,54,2,70800.0,1,None,0
C0240,P17892,2026-01-20,Hospital B,Knee Replacement,Osteoarthritis,74,3,257100.0,0,None,0
C0241,P35003,2026-01-20,Hospital G,Appendectomy,Acute Appendicitis,40,2,72200.0,0,None,0
C0242,P59620,2026-01-20,Hospital B,Angioplasty,Coronary Artery Disease,57,2,266900.0,0,None,0
C0243,P69868,2026-01-20,Hospital G,Cataract Surgery,Cataract,73,0,51800.0,5,None,0
C0244,P40422,2026-01-20,Hospital D,C-Section,Obstructed Labour,32,3,71100.0,2,None,0
C0245,P41115,2026-01-20,Hospital C,Appendectomy,Acute Appendicitis,58,3,62800.0,0,None,0
C0246,P73859,2026-01-20,Hospital D,Cataract Surgery,Cataract,57,1,33700.0,1,None,0
C0247,P57612,2026-01-21,Hospital F,C-Section,Obstructed Labour,32,4,71600.0,2,None,0
C0248,P27290,2026-01-21,Hospital F,C-Section,Obstructed Labour,33,4,89600.0,3,None,0
C0249,P35252,2026-01-21,Hospital C,Appendectomy,Acute Appendicitis,51,2,50500.0,3,None,0
C0250,P96257,2026-01-21,Hospital F,Appendectomy,Acute Appendicitis,36,2,176200.0,3,Inflated Billing,1
C0251,P65649,2026-01-21,Hospital F,C-Section,Obstructed Labour,26,3,103900.0,1,None,0
C0252,P44632,2026-01-22,Hospital A,C-Section,Obstructed Labour,34,3,118300.0,1,None,0
C0253,P92528,2026-01-22,Hospital C,Cataract Surgery,Cataract,74,0,35700.0,1,None,0
C0254,P19751,2026-01-22,Hospital D,Angioplasty,Coronary Artery Disease,70,3,258600.0,6,None,0
C0255,P79087,2026-01-22,Hospital F,Angioplasty,Coronary Artery Disease,73,3,572200.0,3,Inflated Billing,1
C0256,P53891,2026-01-22,Hospital D,Angioplasty,Coronary Artery Disease,57,2,452500.0,2,Inflated Billing,1
C0257,P91476,2026-01-22,Hospital E,Knee Replacement,Osteoarthritis,57,3,368300.0,3,None,0
C0258,P88212,2026-01-22,Hospital B,Cataract Surgery,Cataract,53,1,40600.0,3,None,0
C0259,P82433,2026-01-22,Hospital B,C-Section,Obstructed Labour,23,3,61400.0,0,None,0
C0260,P48731,2026-01-22,Hospital D,Angioplasty,Coronary Artery Disease,71,3,153200.0,1,None,0
C0261,P73752,2026-01-22,Hospital D,Cataract Surgery,Cataract,76,0,57900.0,0,None,0
C0262,P65919,2026-01-22,Hospital A,Angioplasty,Coronary Artery Disease,62,2,212200.0,0,None,0
C0263,P39555,2026-01-22,Hospital E,Angioplasty,Coronary Artery Disease,64,3,209900.0,0,None,0
C0264,P99757,2026-01-22,Hospital C,Appendectomy,Acute Appendicitis,59,2,81700.0,3,None,0
C0265,P72480,2026-01-23,Hospital A,Cataract Surgery,Cataract,72,0,51100.0,0,None,0
C0266,P91773,2026-01-23,Hospital B,C-Section,Obstructed Labour,25,4,114200.0,2,None,0
C0267,P92355,2026-01-23,Hospital A,Appendectomy,Acute Appendicitis,40,2,80200.0,0,None,0
C0268,P32458,2026-01-23,Hospital D,Cataract Surgery,Cataract,74,1,33100.0,0,None,0
C0269,P15846,2026-01-23,Hospital C,Cataract Surgery,Cataract,73,0,44500.0,3,None,0
C0270,P91068,2026-01-23,Hospital A,Angioplasty,Coronary Artery Disease,65,2,250300.0,1,None,0
C0271,P26470,2026-01-23,Hospital E,Cataract Surgery,Cataract,56,0,50100.0,2,None,0
C0272,P94243,2026-01-23,Hospital D,Knee Replacement,Osteoarthritis,61,4,325300.0,3,None,0
C0273,P39467,2026-01-23,Hospital A,Cataract Surgery,Cataract,64,1,35300.0,4,None,0
C0274,P17035,2026-01-23,Hospital H,C-Section,Obstructed Labour,34,4,79900.0,4,None,0
C0275,P53479,2026-01-23,Hospital D,Appendectomy,Acute Appendicitis,55,2,84900.0,2,None,0
C0276,P17592,2026-01-23,Hospital D,C-Section,Obstructed Labour,33,4,112000.0,1,None,0
C0277,P32859,2026-01-23,Hospital E,Angioplasty,Coronary Artery Disease,66,2,298200.0,3,None,0
C0278,P37917,2026-01-24,Hospital B,C-Section,Obstructed Labour,37,4,87600.0,2,None,0
C0279,P23122,2026-01-24,Hospital C,Cataract Surgery,Cataract,69,0,38300.0,1,None,0
C0280,P45550,2026-01-24,Hospital F,Knee Replacement,Osteoarthritis,61,3,256200.0,1,None,0
C0281,P52268,2026-01-24,Hospital H,Angioplasty,Coronary Artery Disease,70,2,342500.0,0,None,0
C0282,P88512,2026-01-24,Hospital B,Appendectomy,Acute Appendicitis,40,3,70300.0,3,None,0
C0283,P47184,2026-01-24,Hospital F,Cataract Surgery,Cataract,51,1,47800.0,2,None,0
C0284,P28388,2026-01-24,Hospital A,Cataract Surgery,Cataract,53,0,55000.0,1,None,0
C0285,P51421,2026-01-24,Hospital F,Appendectomy,Acute Appendicitis,30,3,60700.0,4,None,0
C0286,P72592,2026-01-24,Hospital A,Knee Replacement,Osteoarthritis,59,4,279800.0,3,None,0
C0287,P59373,2026-01-25,Hospital F,Cataract Surgery,Cataract,66,1,31900.0,2,None,0
C0288,P66383,2026-01-25,Hospital G,Cataract Surgery,Cataract,76,1,54100.0,0,None,0
C0289,P92479,2026-01-25,Hospital A,Appendectomy,Cataract,20,2,72600.0,2,Diagnosis Mismatch,1
C0290,P47565,2026-01-25,Hospital E,Knee Replacement,Osteoarthritis,74,3,853000.0,5,Inflated Billing,1
C0291,P79003,2026-01-25,Hospital F,C-Section,Obstructed Labour,33,4,88600.0,1,None,0
C0292,P24650,2026-01-26,Hospital A,Appendectomy,Acute Appendicitis,22,3,81300.0,2,None,0
C0293,P27524,2026-01-26,Hospital B,C-Section,Obstructed Labour,24,3,60100.0,2,None,0
C0294,P47129,2026-01-26,Hospital D,Appendectomy,Acute Appendicitis,20,2,62300.0,2,None,0
C0295,P85461,2026-01-26,Hospital B,Appendectomy,Acute Appendicitis,41,3,87300.0,3,None,0
C0296,P89527,2026-01-26,Hospital G,C-Section,Cataract,34,4,118300.0,1,Diagnosis Mismatch,1
C0297,P94551,2026-01-26,Hospital D,Appendectomy,Acute Appendicitis,31,2,70800.0,3,None,0
C0298,P32439,2026-01-26,Hospital F,Cataract Surgery,Cataract,67,0,39300.0,1,None,0
C0299,P89268,2026-01-26,Hospital E,C-Section,Obstructed Labour,37,3,88800.0,2,None,0
C0300,P68445,2026-01-26,Hospital C,Angioplasty,Coronary Artery Disease,72,2,230900.0,4,None,0
C0301,P39292,2026-01-26,Hospital E,C-Section,Obstructed Labour,29,4,259300.0,3,Inflated Billing,1
C0302,P95723,2026-01-26,Hospital D,Cataract Surgery,Cataract,79,0,33300.0,2,None,0
C0303,P14474,2026-01-26,Hospital A,Appendectomy,Acute Appendicitis,59,3,73100.0,2,None,0
C0304,P76800,2026-01-27,Hospital G,Angioplasty,Coronary Artery Disease,51,3,265300.0,3,None,0
C0305,P45424,2026-01-27,Hospital B,C-Section,Obstructed Labour,34,3,90500.0,1,None,0
C0306,P34982,2026-01-27,Hospital A,Angioplasty,Coronary Artery Disease,63,2,158500.0,3,None,0
C0307,P25733,2026-01-27,Hospital D,C-Section,Obstructed Labour,37,4,85200.0,3,None,0
C0308,P63424,2026-01-27,Hospital H,Knee Replacement,Osteoarthritis,58,3,454200.0,4,None,0
C0309,P53615,2026-01-27,Hospital E,Angioplasty,Coronary Artery Disease,52,3,360300.0,2,None,0
C0310,P19025,2026-01-27,Hospital G,C-Section,Obstructed Labour,33,3,85300.0,1,None,0
C0311,P88797,2026-01-27,Hospital B,Cataract Surgery,Cataract,68,0,42400.0,4,None,0
C0312,P28887,2026-01-27,Hospital F,Angioplasty,Coronary Artery Disease,60,3,192500.0,1,None,0
C0313,P61213,2026-01-28,Hospital G,Appendectomy,Acute Appendicitis,57,2,83900.0,5,None,0
C0314,P76851,2026-01-28,Hospital C,C-Section,Obstructed Labour,36,3,114900.0,4,None,0
C0315,P66592,2026-01-28,Hospital H,Appendectomy,Acute Appendicitis,29,2,197700.0,2,Inflated Billing,1
C0316,P87478,2026-01-28,Hospital C,Angioplasty,Coronary Artery Disease,58,2,278600.0,2,None,0
C0317,P45209,2026-01-28,Hospital F,Knee Replacement,Osteoarthritis,64,4,263800.0,1,None,0
C0318,P75358,2026-01-28,Hospital B,C-Section,Obstructed Labour,33,3,90900.0,2,None,0
C0319,P44332,2026-01-28,Hospital C,Cataract Surgery,Cataract,52,0,43700.0,4,None,0
C0320,P74158,2026-01-29,Hospital H,C-Section,Obstructed Labour,24,3,132800.0,5,None,0
C0321,P31702,2026-01-29,Hospital D,C-Section,Obstructed Labour,29,4,71400.0,2,None,0
C0322,P29920,2026-01-29,Hospital D,Appendectomy,Acute Appendicitis,52,2,77600.0,3,None,0
C0323,P67373,2026-01-29,Hospital E,Cataract Surgery,Cataract,71,1,71200.0,2,None,0
C0324,P87789,2026-01-29,Hospital D,Appendectomy,Acute Appendicitis,54,3,125500.0,0,Inflated Billing,1
C0325,P32345,2026-01-29,Hospital G,Knee Replacement,Osteoarthritis,61,3,259700.0,3,None,0
C0326,P84576,2026-01-29,Hospital H,Cataract Surgery,Cataract,69,1,60300.0,1,None,0
C0327,P95022,2026-01-29,Hospital B,Cataract Surgery,Cataract,57,1,45200.0,2,None,0
C0328,P74361,2026-01-29,Hospital B,C-Section,Obstructed Labour,26,4,111200.0,0,None,0
C0329,P21546,2026-01-29,Hospital H,Cataract Surgery,Cataract,51,1,61000.0,6,None,0
C0330,P47947,2026-01-30,Hospital A,Knee Replacement,Osteoarthritis,55,3,310600.0,6,None,0
C0331,P12272,2026-01-30,Hospital D,C-Section,Obstructed Labour,27,4,112600.0,2,None,0
C0332,P93463,2026-01-30,Hospital C,Knee Replacement,Osteoarthritis,68,4,331100.0,1,None,0
C0333,P10694,2026-01-30,Hospital B,Cataract Surgery,Cataract,76,1,48200.0,3,None,0
C0334,P42119,2026-01-30,Hospital B,C-Section,Obstructed Labour,27,4,88100.0,2,None,0
C0335,P10087,2026-01-30,Hospital G,C-Section,Obstructed Labour,30,4,82500.0,4,None,0
C0336,P75671,2026-01-30,Hospital B,Appendectomy,Acute Appendicitis,15,3,87100.0,2,None,0
C0337,P93618,2026-01-30,Hospital B,Cataract Surgery,Cataract,69,1,104400.0,2,Inflated Billing,1
C0338,P63424,2026-01-30,Hospital H,Knee Replacement,Osteoarthritis,58,3,454200.0,4,Duplicate Claim,1
C0339,P39033,2026-01-30,Hospital F,Knee Replacement,Osteoarthritis,72,4,253700.0,2,None,0
C0340,P71145,2026-01-30,Hospital B,Angioplasty,Coronary Artery Disease,58,3,208800.0,2,None,0
C0341,P32152,2026-01-30,Hospital E,Appendectomy,Acute Appendicitis,31,2,96700.0,1,None,0
C0342,P60541,2026-01-30,Hospital C,Angioplasty,Coronary Artery Disease,72,3,281700.0,2,None,0
C0343,P49057,2026-01-31,Hospital F,Angioplasty,Coronary Artery Disease,74,3,153200.0,0,None,0
C0344,P17642,2026-01-31,Hospital C,Appendectomy,Acute Appendicitis,39,2,80600.0,5,None,0
C0345,P50732,2026-01-31,Hospital A,Angioplasty,Coronary Artery Disease,66,2,282700.0,2,None,0
C0346,P91435,2026-01-31,Hospital E,Appendectomy,Acute Appendicitis,39,2,75900.0,2,None,0
C0347,P53568,2026-01-31,Hospital A,Knee Replacement,Osteoarthritis,66,4,268700.0,3,None,0
C0348,P86169,2026-01-31,Hospital F,Appendectomy,Obstructed Labour,36,2,59100.0,2,Diagnosis Mismatch,1
C0349,P53116,2026-01-31,Hospital G,Knee Replacement,Osteoarthritis,57,3,318300.0,1,None,0
C0350,P70149,2026-01-31,Hospital E,C-Section,Obstructed Labour,32,3,125000.0,1,None,0
C0351,P80319,2026-01-31,Hospital E,Angioplasty,Coronary Artery Disease,61,2,252400.0,1,None,0
C0352,P66413,2026-01-31,Hospital C,Appendectomy,Acute Appendicitis,29,2,57900.0,2,None,0
C0353,P10775,2026-01-31,Hospital H,Appendectomy,Acute Appendicitis,39,3,73200.0,2,None,0
C0354,P99777,2026-01-31,Hospital C,Knee Replacement,Osteoarthritis,74,0,340300.0,2,Abnormal Length of Stay,1
C0355,P28917,2026-01-31,Hospital F,Appendectomy,Acute Appendicitis,38,3,60500.0,0,None,0
C0356,P47903,2026-01-31,Hospital A,Knee Replacement,Osteoarthritis,67,3,273100.0,3,None,0
C0357,P38062,2026-01-31,Hospital H,C-Section,Obstructed Labour,32,4,132800.0,8,Provider Outlier,1
C0358,P44549,2026-01-31,Hospital F,Knee Replacement,Osteoarthritis,59,3,316900.0,0,None,0
C0359,P88992,2026-01-31,Hospital D,Appendectomy,Acute Appendicitis,23,2,58200.0,1,None,0
C0360,P24702,2026-01-31,Hospital H,Appendectomy,Acute Appendicitis,21,3,87500.0,0,None,0
C0361,P53481,2026-01-31,Hospital E,Appendectomy,Acute Appendicitis,58,2,77800.0,1,None,0
C0362,P95348,2026-01-31,Hospital B,Appendectomy,Acute Appendicitis,48,2,85100.0,3,None,0
C0363,P58921,2026-02-01,Hospital G,Appendectomy,Acute Appendicitis,27,3,53100.0,0,None,0
C0364,P27521,2026-02-01,Hospital A,Angioplasty,Coronary Artery Disease,53,2,228700.0,2,None,0
C0365,P36617,2026-02-01,Hospital G,C-Section,Obstructed Labour,33,3,96900.0,1,None,0
C0366,P48124,2026-02-01,Hospital G,Cataract Surgery,Cataract,58,1,52500.0,1,None,0
C0367,P16440,2026-02-01,Hospital B,Knee Replacement,Osteoarthritis,61,3,310000.0,3,None,0
C0368,P65199,2026-02-01,Hospital D,Appendectomy,Obstructed Labour,37,2,55600.0,2,Diagnosis Mismatch,1
C0369,P74848,2026-02-01,Hospital H,Angioplasty,Coronary Artery Disease,58,3,311500.0,2,None,0
C0370,P78926,2026-02-01,Hospital G,Appendectomy,Acute Appendicitis,55,3,73900.0,1,None,0
C0371,P61907,2026-02-01,Hospital D,Cataract Surgery,Cataract,57,0,42400.0,1,None,0
C0372,P85144,2026-02-01,Hospital B,Appendectomy,Acute Appendicitis,13,2,65900.0,2,None,0
C0373,P46359,2026-02-01,Hospital E,C-Section,Obstructed Labour,29,3,127900.0,1,None,0
C0374,P61813,2026-02-01,Hospital G,Appendectomy,Acute Appendicitis,39,3,89700.0,0,None,0
C0375,P72180,2026-02-01,Hospital C,C-Section,Obstructed Labour,31,3,112700.0,3,None,0
C0376,P35680,2026-02-01,Hospital E,C-Section,Obstructed Labour,24,4,143800.0,6,None,0
C0377,P61899,2026-02-02,Hospital G,Angioplasty,Coronary Artery Disease,57,3,245600.0,1,None,0
C0378,P50923,2026-02-02,Hospital F,C-Section,Obstructed Labour,32,3,68700.0,0,None,0
C0379,P67088,2026-02-02,Hospital B,C-Section,Obstructed Labour,34,4,116200.0,1,None,0
C0380,P45372,2026-02-02,Hospital A,Appendectomy,Acute Appendicitis,51,2,81700.0,1,None,0
C0381,P20738,2026-02-02,Hospital H,Cataract Surgery,Cataract,53,0,38100.0,2,None,0
C0382,P33725,2026-02-02,Hospital D,C-Section,Obstructed Labour,31,4,73000.0,3,None,0
C0383,P22664,2026-02-02,Hospital A,Angioplasty,Coronary Artery Disease,70,2,183300.0,2,None,0
C0384,P21546,2026-02-02,Hospital E,Cataract Surgery,Cataract,68,0,65700.0,5,None,0
C0385,P34876,2026-02-02,Hospital H,Angioplasty,Coronary Artery Disease,71,2,285100.0,1,None,0
C0386,P89729,2026-02-02,Hospital H,Angioplasty,Coronary Artery Disease,60,3,202300.0,0,None,0
C0387,P37050,2026-02-02,Hospital G,Angioplasty,Coronary Artery Disease,70,3,287400.0,3,None,0
C0388,P55655,2026-02-02,Hospital F,Knee Replacement,Osteoarthritis,70,4,267300.0,0,None,0
C0389,P23188,2026-02-02,Hospital C,Appendectomy,Acute Appendicitis,47,2,65400.0,2,None,0
C0390,P22410,2026-02-02,Hospital C,C-Section,Obstructed Labour,31,3,78100.0,1,None,0
C0391,P92541,2026-02-02,Hospital H,Appendectomy,Acute Appendicitis,44,3,93500.0,5,None,0
C0392,P41412,2026-02-03,Hospital E,Appendectomy,Acute Appendicitis,48,3,271800.0,2,Inflated Billing,1
C0393,P81630,2026-02-03,Hospital G,C-Section,Obstructed Labour,25,4,66500.0,1,None,0
C0394,P19534,2026-02-03,Hospital G,Angioplasty,Coronary Artery Disease,62,2,260400.0,2,None,0
C0395,P38749,2026-02-03,Hospital H,Angioplasty,Coronary Artery Disease,70,2,475200.0,7,Provider Outlier,1
C0396,P85141,2026-02-03,Hospital F,Angioplasty,Coronary Artery Disease,60,2,165600.0,3,None,0
C0397,P75479,2026-02-03,Hospital D,Angioplasty,Obstructed Labour,70,3,150600.0,2,Diagnosis Mismatch,1
C0398,P94954,2026-02-03,Hospital C,C-Section,Acute Appendicitis,33,3,101300.0,1,Diagnosis Mismatch,1
C0399,P42374,2026-02-03,Hospital G,C-Section,Obstructed Labour,24,3,86100.0,3,None,0
C0400,P61082,2026-02-03,Hospital D,Cataract Surgery,Cataract,71,1,45400.0,1,None,0
C0401,P23675,2026-02-03,Hospital D,Angioplasty,Coronary Artery Disease,67,0,188200.0,6,Abnormal Length of Stay,1
C0402,P75873,2026-02-03,Hospital C,C-Section,Obstructed Labour,32,4,86200.0,3,None,0
C0403,P83075,2026-02-03,Hospital G,Angioplasty,Coronary Artery Disease,63,2,246100.0,1,None,0
C0404,P57552,2026-02-03,Hospital F,Appendectomy,Acute Appendicitis,25,2,50600.0,2,None,0
C0405,P78434,2026-02-03,Hospital B,Appendectomy,Acute Appendicitis,39,2,75500.0,3,None,0
C0406,P85230,2026-02-04,Hospital A,Appendectomy,Acute Appendicitis,47,3,122200.0,1,Inflated Billing,1
C0407,P53065,2026-02-04,Hospital A,Appendectomy,Acute Appendicitis,34,3,89900.0,2,None,0
C0408,P90545,2026-02-04,Hospital A,Knee Replacement,Osteoarthritis,71,4,301100.0,0,None,0
C0409,P62415,2026-02-04,Hospital A,Angioplasty,Coronary Artery Disease,60,2,221700.0,0,None,0
C0410,P92508,2026-02-04,Hospital G,C-Section,Obstructed Labour,26,4,67600.0,1,None,0
C0411,P14026,2026-02-04,Hospital F,Angioplasty,Coronary Artery Disease,52,3,187000.0,1,None,0
C0412,P43141,2026-02-04,Hospital D,Angioplasty,Coronary Artery Disease,54,2,297800.0,5,None,0
C0413,P28087,2026-02-04,Hospital C,Angioplasty,Coronary Artery Disease,66,3,226500.0,1,None,0
C0414,P10398,2026-02-04,Hospital B,C-Section,Obstructed Labour,27,4,111800.0,5,None,0
C0415,P89525,2026-02-04,Hospital B,Angioplasty,Coronary Artery Disease,71,3,269000.0,2,None,0
C0416,P95394,2026-02-04,Hospital G,Cataract Surgery,Cataract,68,1,55900.0,0,None,0
C0417,P48294,2026-02-04,Hospital F,Knee Replacement,Osteoarthritis,59,4,272500.0,2,None,0
C0418,P11639,2026-02-04,Hospital B,Appendectomy,Acute Appendicitis,40,2,55800.0,2,None,0
C0419,P38822,2026-02-05,Hospital E,Knee Replacement,Osteoarthritis,58,3,378100.0,1,None,0
C0420,P89989,2026-02-05,Hospital E,C-Section,Obstructed Labour,33,4,107200.0,2,None,0
C0421,P85586,2026-02-05,Hospital H,C-Section,Obstructed Labour,28,4,82900.0,4,None,0
C0422,P34037,2026-02-05,Hospital G,C-Section,Obstructed Labour,25,3,82100.0,1,None,0
C0423,P10714,2026-02-05,Hospital G,C-Section,Obstructed Labour,29,4,97100.0,2,None,0
C0424,P34613,2026-02-05,Hospital E,Appendectomy,Acute Appendicitis,12,3,104100.0,1,None,0
C0425,P11675,2026-02-05,Hospital A,C-Section,Obstructed Labour,29,3,118700.0,0,None,0
C0426,P68392,2026-02-05,Hospital G,Knee Replacement,Osteoarthritis,71,3,286300.0,5,None,0
C0427,P36172,2026-02-05,Hospital F,Cataract Surgery,Cataract,53,1,56200.0,1,None,0
C0428,P80274,2026-02-06,Hospital A,Appendectomy,Acute Appendicitis,41,3,61100.0,3,None,0
C0429,P99783,2026-02-06,Hospital G,C-Section,Obstructed Labour,32,4,66000.0,1,None,0
C0430,P31164,2026-02-06,Hospital D,Knee Replacement,Osteoarthritis,61,3,330400.0,1,None,0
C0431,P95394,2026-02-06,Hospital G,Cataract Surgery,Cataract,68,1,55900.0,0,Duplicate Claim,1
C0432,P66993,2026-02-06,Hospital D,Angioplasty,Coronary Artery Disease,72,3,212300.0,1,None,0
C0433,P39696,2026-02-06,Hospital C,C-Section,Obstructed Labour,31,4,88600.0,1,None,0
C0434,P42329,2026-02-06,Hospital D,C-Section,Obstructed Labour,22,4,77200.0,2,None,0
C0435,P17001,2026-02-06,Hospital B,Angioplasty,Coronary Artery Disease,54,3,213400.0,2,None,0
C0436,P60972,2026-02-06,Hospital F,C-Section,Obstructed Labour,32,3,78600.0,2,None,0
C0437,P67163,2026-02-06,Hospital G,Appendectomy,Acute Appendicitis,54,3,60500.0,0,None,0
C0438,P15024,2026-02-06,Hospital E,Angioplasty,Coronary Artery Disease,60,3,264700.0,1,None,0
C0439,P57237,2026-02-07,Hospital B,Cataract Surgery,Cataract,57,6,40700.0,0,Abnormal Length of Stay,1
C0440,P50259,2026-02-07,Hospital D,C-Section,Coronary Artery Disease,25,4,91300.0,1,Diagnosis Mismatch,1
C0441,P75786,2026-02-07,Hospital D,Appendectomy,Acute Appendicitis,27,3,62300.0,6,None,0
C0442,P50449,2026-02-07,Hospital F,C-Section,Obstructed Labour,36,3,74700.0,0,None,0
C0443,P21677,2026-02-07,Hospital H,Knee Replacement,Osteoarthritis,62,4,350000.0,3,None,0
C0444,P15992,2026-02-07,Hospital B,Cataract Surgery,Cataract,65,0,50000.0,1,None,0
C0445,P13788,2026-02-07,Hospital H,C-Section,Obstructed Labour,29,4,116300.0,2,None,0
C0446,P48967,2026-02-07,Hospital C,Appendectomy,Acute Appendicitis,56,3,70500.0,1,None,0
C0447,P68651,2026-02-07,Hospital F,C-Section,Obstructed Labour,34,4,94500.0,1,None,0
C0448,P42650,2026-02-07,Hospital F,C-Section,Obstructed Labour,22,11,62800.0,3,Abnormal Length of Stay,1
C0449,P15466,2026-02-07,Hospital H,Angioplasty,Coronary Artery Disease,59,3,264600.0,2,None,0
C0450,P54189,2026-02-07,Hospital E,Angioplasty,Coronary Artery Disease,59,3,245900.0,2,None,0
C0451,P13962,2026-02-07,Hospital F,Angioplasty,Coronary Artery Disease,62,2,157800.0,4,None,0
C0452,P95762,2026-02-08,Hospital F,Cataract Surgery,Cataract,54,0,30100.0,4,None,0
C0453,P25174,2026-02-08,Hospital D,C-Section,Obstructed Labour,26,3,103400.0,6,None,0
C0454,P58299,2026-02-08,Hospital F,Cataract Surgery,Cataract,79,0,58000.0,3,None,0
C0455,P43988,2026-02-08,Hospital H,Angioplasty,Coronary Artery Disease,65,2,231200.0,2,None,0
C0456,P16390,2026-02-08,Hospital B,Knee Replacement,Osteoarthritis,68,3,251000.0,1,None,0
C0457,P86334,2026-02-08,Hospital H,Angioplasty,Coronary Artery Disease,51,2,362600.0,6,None,0
C0458,P82878,2026-02-08,Hospital G,Knee Replacement,Osteoarthritis,61,4,255500.0,1,None,0
C0459,P51560,2026-02-08,Hospital B,Appendectomy,Acute Appendicitis,56,2,83300.0,3,None,0
C0460,P50795,2026-02-08,Hospital A,Cataract Surgery,Cataract,57,0,30900.0,3,None,0
C0461,P51938,2026-02-09,Hospital B,Cataract Surgery,Cataract,62,0,44900.0,1,None,0
C0462,P28087,2026-02-09,Hospital C,Angioplasty,Coronary Artery Disease,66,3,226500.0,1,Duplicate Claim,1
C0463,P60220,2026-02-09,Hospital B,C-Section,Obstructed Labour,24,3,74900.0,2,None,0
C0464,P75430,2026-02-09,Hospital A,Knee Replacement,Osteoarthritis,73,3,258100.0,1,None,0
C0465,P79959,2026-02-09,Hospital C,Angioplasty,Coronary Artery Disease,70,3,207000.0,2,None,0
C0466,P95664,2026-02-09,Hospital B,C-Section,Obstructed Labour,28,3,70100.0,1,None,0
C0467,P19083,2026-02-09,Hospital H,Cataract Surgery,Cataract,66,1,67600.0,2,None,0
C0468,P25837,2026-02-10,Hospital G,Appendectomy,Acute Appendicitis,18,2,60900.0,2,None,0
C0469,P47865,2026-02-10,Hospital B,Angioplasty,Coronary Artery Disease,74,2,177000.0,0,None,0
C0470,P15270,2026-02-10,Hospital G,C-Section,Obstructed Labour,26,4,110100.0,4,None,0
C0471,P50283,2026-02-10,Hospital C,Knee Replacement,Osteoarthritis,63,3,323900.0,2,None,0
C0472,P41288,2026-02-10,Hospital C,Cataract Surgery,Cataract,61,10,31000.0,2,Abnormal Length of Stay,1
C0473,P70783,2026-02-10,Hospital A,Cataract Surgery,Cataract,71,0,56100.0,4,None,0
C0474,P49434,2026-02-10,Hospital H,Angioplasty,Coronary Artery Disease,71,3,230000.0,2,None,0
C0475,P98506,2026-02-10,Hospital E,Appendectomy,Acute Appendicitis,46,3,98200.0,1,None,0
C0476,P92702,2026-02-10,Hospital B,Appendectomy,Acute Appendicitis,34,2,67400.0,2,None,0
C0477,P24413,2026-02-10,Hospital G,Knee Replacement,Osteoarthritis,64,4,317000.0,2,None,0
C0478,P72745,2026-02-10,Hospital C,C-Section,Obstructed Labour,23,3,114600.0,3,None,0
C0479,P50136,2026-02-10,Hospital C,Appendectomy,Acute Appendicitis,46,2,83500.0,3,None,0
C0480,P51724,2026-02-11,Hospital B,Appendectomy,Acute Appendicitis,50,2,80400.0,2,None,0
C0481,P58655,2026-02-11,Hospital F,Angioplasty,Coronary Artery Disease,60,3,297100.0,2,None,0
C0482,P88499,2026-02-11,Hospital H,Cataract Surgery,Cataract,56,0,43300.0,1,None,0
C0483,P81719,2026-02-11,Hospital G,Angioplasty,Coronary Artery Disease,69,3,227800.0,5,None,0
C0484,P23745,2026-02-11,Hospital A,C-Section,Obstructed Labour,24,3,96400.0,3,None,0
C0485,P48468,2026-02-11,Hospital B,Cataract Surgery,Cataract,70,1,38000.0,2,None,0
C0486,P83788,2026-02-12,Hospital D,Cataract Surgery,Cataract,70,1,46400.0,3,None,0
C0487,P57490,2026-02-12,Hospital F,Cataract Surgery,Cataract,70,1,31600.0,2,None,0
C0488,P72828,2026-02-12,Hospital B,Cataract Surgery,Cataract,74,0,34100.0,3,None,0
C0489,P78349,2026-02-12,Hospital E,Cataract Surgery,Cataract,77,0,81500.0,4,None,0
C0490,P99168,2026-02-12,Hospital G,Appendectomy,Acute Appendicitis,14,3,54800.0,5,None,0
C0491,P82117,2026-02-12,Hospital F,Appendectomy,Acute Appendicitis,51,2,79900.0,1,None,0
C0492,P88837,2026-02-12,Hospital E,Cataract Surgery,Cataract,78,1,66800.0,2,None,0
C0493,P21653,2026-02-12,Hospital E,Appendectomy,Acute Appendicitis,22,2,105400.0,2,None,0
C0494,P71963,2026-02-12,Hospital H,Knee Replacement,Osteoarthritis,61,3,445000.0,0,None,0
C0495,P48967,2026-02-12,Hospital C,Appendectomy,Acute Appendicitis,56,3,70500.0,1,Duplicate Claim,1
C0496,P18130,2026-02-12,Hospital G,C-Section,Obstructed Labour,32,4,118600.0,2,None,0
C0497,P56157,2026-02-12,Hospital D,Appendectomy,Acute Appendicitis,58,3,79900.0,0,None,0
C0498,P50284,2026-02-12,Hospital E,Cataract Surgery,Cataract,54,1,69300.0,3,None,0
C0499,P16716,2026-02-12,Hospital F,Appendectomy,Acute Appendicitis,20,2,83500.0,0,None,0
C0500,P20705,2026-02-12,Hospital H,C-Section,Obstructed Labour,28,3,90700.0,2,None,0
C0501,P44814,2026-02-12,Hospital A,Appendectomy,Acute Appendicitis,35,3,64000.0,3,None,0
C0502,P93534,2026-02-13,Hospital B,Appendectomy,Acute Appendicitis,16,3,50900.0,1,None,0
C0503,P37243,2026-02-13,Hospital D,C-Section,Obstructed Labour,27,4,75600.0,2,None,0
C0504,P92865,2026-02-13,Hospital H,Angioplasty,Coronary Artery Disease,66,3,218700.0,2,None,0
C0505,P61364,2026-02-13,Hospital A,Angioplasty,Coronary Artery Disease,71,3,188800.0,3,None,0
C0506,P86203,2026-02-13,Hospital G,Appendectomy,Acute Appendicitis,38,2,70300.0,1,None,0
C0507,P82573,2026-02-13,Hospital A,Angioplasty,Coronary Artery Disease,50,3,258800.0,1,None,0
C0508,P50136,2026-02-13,Hospital C,Appendectomy,Acute Appendicitis,46,2,83500.0,3,Duplicate Claim,1
C0509,P52194,2026-02-13,Hospital D,Appendectomy,Acute Appendicitis,12,3,60600.0,0,None,0
C0510,P89514,2026-02-13,Hospital G,Knee Replacement,Osteoarthritis,69,3,332400.0,1,None,0
C0511,P55983,2026-02-13,Hospital G,Angioplasty,Coronary Artery Disease,68,2,223100.0,4,None,0
C0512,P20206,2026-02-14,Hospital D,Knee Replacement,Osteoarthritis,57,3,250100.0,6,None,0
C0513,P32002,2026-02-14,Hospital E,Angioplasty,Coronary Artery Disease,53,2,308800.0,2,None,0
C0514,P33710,2026-02-14,Hospital E,C-Section,Obstructed Labour,27,3,143700.0,0,None,0
C0515,P71945,2026-02-14,Hospital A,C-Section,Obstructed Labour,22,4,107900.0,1,None,0
C0516,P87003,2026-02-14,Hospital A,C-Section,Obstructed Labour,30,3,92100.0,1,None,0
C0517,P88123,2026-02-14,Hospital A,C-Section,Obstructed Labour,25,4,68300.0,3,None,0
C0518,P28597,2026-02-14,Hospital H,Appendectomy,Acute Appendicitis,56,2,191200.0,1,Inflated Billing,1
C0519,P85498,2026-02-14,Hospital H,C-Section,Obstructed Labour,23,4,123200.0,3,None,0
C0520,P59450,2026-02-14,Hospital D,C-Section,Obstructed Labour,34,3,98900.0,0,None,0
C0521,P43953,2026-02-14,Hospital C,Angioplasty,Coronary Artery Disease,53,0,163600.0,1,Abnormal Length of Stay,1
C0522,P63885,2026-02-14,Hospital B,Appendectomy,Acute Appendicitis,32,2,89700.0,2,None,0
C0523,P87277,2026-02-14,Hospital E,Knee Replacement,Osteoarthritis,64,3,425100.0,2,None,0
C0524,P55854,2026-02-14,Hospital D,Knee Replacement,Osteoarthritis,63,4,275700.0,1,None,0
C0525,P84960,2026-02-15,Hospital B,Appendectomy,Acute Appendicitis,21,2,57400.0,3,None,0
C0526,P71441,2026-02-15,Hospital H,Appendectomy,Acute Appendicitis,46,3,102400.0,1,None,0
C0527,P97591,2026-02-15,Hospital A,Knee Replacement,Osteoarthritis,61,3,322200.0,2,None,0
C0528,P62422,2026-02-15,Hospital A,Cataract Surgery,Cataract,52,0,45300.0,0,None,0
C0529,P89949,2026-02-15,Hospital E,C-Section,Obstructed Labour,22,4,88400.0,7,None,0
C0530,P90594,2026-02-15,Hospital A,Appendectomy,Acute Appendicitis,34,3,83800.0,4,None,0
C0531,P86395,2026-02-15,Hospital D,C-Section,Obstructed Labour,34,4,117500.0,2,None,0
C0532,P87670,2026-02-15,Hospital D,Angioplasty,Coronary Artery Disease,62,3,298700.0,2,None,0
C0533,P31424,2026-02-15,Hospital B,Angioplasty,Coronary Artery Disease,56,2,288300.0,2,None,0
C0534,P90765,2026-02-15,Hospital D,C-Section,Obstructed Labour,32,4,62800.0,1,None,0
C0535,P97554,2026-02-15,Hospital B,Angioplasty,Coronary Artery Disease,65,2,182200.0,2,None,0
C0536,P80132,2026-02-15,Hospital G,Appendectomy,Acute Appendicitis,55,2,76500.0,1,None,0
C0537,P97011,2026-02-15,Hospital D,C-Section,Obstructed Labour,37,3,69300.0,2,None,0
C0538,P32929,2026-02-15,Hospital B,Cataract Surgery,Cataract,60,1,46100.0,2,None,0
C0539,P54408,2026-02-15,Hospital F,Angioplasty,Coronary Artery Disease,53,2,275500.0,1,None,0
C0540,P96298,2026-02-15,Hospital E,Appendectomy,Acute Appendicitis,58,2,107300.0,4,None,0
C0541,P70761,2026-02-15,Hospital F,Cataract Surgery,Cataract,54,0,51200.0,1,None,0
C0542,P35542,2026-02-16,Hospital G,C-Section,Obstructed Labour,34,3,98400.0,1,None,0
C0543,P64752,2026-02-16,Hospital E,Cataract Surgery,Cataract,79,1,54500.0,3,None,0
C0544,P49986,2026-02-16,Hospital E,Angioplasty,Coronary Artery Disease,74,2,292200.0,1,None,0
C0545,P67561,2026-02-16,Hospital A,Knee Replacement,Osteoarthritis,60,3,286300.0,2,None,0
C0546,P93537,2026-02-16,Hospital B,C-Section,Obstructed Labour,36,4,61200.0,3,None,0
C0547,P52240,2026-02-16,Hospital G,Appendectomy,Acute Appendicitis,48,2,70400.0,3,None,0
C0548,P25094,2026-02-16,Hospital G,C-Section,Obstructed Labour,31,4,65700.0,3,None,0
C0549,P62531,2026-02-16,Hospital B,C-Section,Obstructed Labour,26,3,97100.0,3,None,0
C0550,P29005,2026-02-16,Hospital D,Appendectomy,Acute Appendicitis,18,3,72100.0,5,None,0
C0551,P90000,2026-02-16,Hospital B,Cataract Surgery,Cataract,52,1,35100.0,3,None,0
C0552,P80033,2026-02-16,Hospital A,Angioplasty,Coronary Artery Disease,66,3,284200.0,4,None,0
C0553,P40540,2026-02-17,Hospital H,Angioplasty,Coronary Artery Disease,64,2,240100.0,2,None,0
C0554,P99377,2026-02-17,Hospital H,Appendectomy,Acute Appendicitis,15,3,104900.0,4,None,0
C0555,P34723,2026-02-17,Hospital H,C-Section,Obstructed Labour,26,3,90000.0,3,None,0
C0556,P59766,2026-02-17,Hospital B,Angioplasty,Coronary Artery Disease,62,2,263200.0,3,None,0
C0557,P13359,2026-02-17,Hospital H,Angioplasty,Coronary Artery Disease,67,3,212400.0,3,None,0
C0558,P96095,2026-02-17,Hospital H,Knee Replacement,Osteoarthritis,57,3,350400.0,4,None,0
C0559,P21087,2026-02-17,Hospital C,Knee Replacement,Osteoarthritis,64,4,317200.0,4,None,0
C0560,P22590,2026-02-17,Hospital H,Angioplasty,Coronary Artery Disease,67,3,360100.0,0,None,0
C0561,P24726,2026-02-17,Hospital F,Knee Replacement,Osteoarthritis,73,4,317700.0,5,None,0
C0562,P57152,2026-02-17,Hospital G,Angioplasty,Coronary Artery Disease,71,3,274300.0,1,None,0
C0563,P67084,2026-02-17,Hospital B,Knee Replacement,Acute Appendicitis,69,3,331300.0,3,Diagnosis Mismatch,1
C0564,P10604,2026-02-18,Hospital D,Knee Replacement,Osteoarthritis,55,4,271500.0,1,None,0
C0565,P45878,2026-02-18,Hospital F,Appendectomy,Acute Appendicitis,35,2,58300.0,2,None,0
C0566,P60850,2026-02-18,Hospital D,Knee Replacement,Osteoarthritis,55,3,547400.0,2,Inflated Billing,1
C0567,P97891,2026-02-18,Hospital A,C-Section,Obstructed Labour,30,3,115000.0,1,None,0
C0568,P98987,2026-02-18,Hospital H,Angioplasty,Coronary Artery Disease,58,3,289200.0,3,None,0
C0569,P28436,2026-02-18,Hospital G,C-Section,Obstructed Labour,31,3,96500.0,2,None,0
C0570,P11135,2026-02-19,Hospital C,Appendectomy,Acute Appendicitis,39,2,65700.0,3,None,0
C0571,P11292,2026-02-19,Hospital B,Angioplasty,Coronary Artery Disease,65,3,188600.0,1,None,0
C0572,P99324,2026-02-19,Hospital A,Angioplasty,Coronary Artery Disease,64,2,192500.0,2,None,0
C0573,P52482,2026-02-19,Hospital A,Cataract Surgery,Cataract,57,0,43300.0,3,None,0
C0574,P86461,2026-02-19,Hospital G,Angioplasty,Coronary Artery Disease,62,3,197600.0,3,None,0
C0575,P88135,2026-02-19,Hospital F,Angioplasty,Coronary Artery Disease,54,3,293500.0,1,None,0
C0576,P10610,2026-02-19,Hospital A,C-Section,Obstructed Labour,26,4,97100.0,2,None,0
C0577,P59233,2026-02-19,Hospital H,C-Section,Obstructed Labour,37,3,116400.0,1,None,0
C0578,P35665,2026-02-19,Hospital H,Cataract Surgery,Cataract,55,0,64700.0,1,None,0
C0579,P37205,2026-02-19,Hospital E,C-Section,Obstructed Labour,29,4,130000.0,1,None,0
C0580,P64752,2026-02-19,Hospital E,Cataract Surgery,Cataract,79,1,54500.0,3,Duplicate Claim,1
C0581,P56887,2026-02-19,Hospital E,Knee Replacement,Osteoarthritis,68,3,449200.0,1,None,0
C0582,P79460,2026-02-19,Hospital D,Cataract Surgery,Cataract,61,0,36700.0,2,None,0
C0583,P31694,2026-02-19,Hospital H,Angioplasty,Coronary Artery Disease,73,3,375500.0,1,None,0
C0584,P96320,2026-02-19,Hospital H,C-Section,Obstructed Labour,27,4,96800.0,5,None,0
C0585,P56167,2026-02-19,Hospital H,Knee Replacement,Osteoarthritis,59,4,347300.0,0,None,0
C0586,P61496,2026-02-20,Hospital H,Appendectomy,Acute Appendicitis,47,3,66300.0,5,None,0
C0587,P23741,2026-02-20,Hospital F,Cataract Surgery,Cataract,58,0,34200.0,0,None,0
C0588,P69490,2026-02-20,Hospital D,Knee Replacement,Osteoarthritis,58,4,322500.0,1,None,0
C0589,P74246,2026-02-20,Hospital C,C-Section,Obstructed Labour,26,4,88300.0,1,None,0
C0590,P86042,2026-02-20,Hospital G,Angioplasty,Coronary Artery Disease,58,2,268700.0,3,None,0
C0591,P19793,2026-02-20,Hospital F,Knee Replacement,Osteoarthritis,55,3,312500.0,1,None,0
C0592,P86209,2026-02-20,Hospital G,Appendectomy,Acute Appendicitis,24,2,68300.0,3,None,0
C0593,P90306,2026-02-20,Hospital H,Knee Replacement,Osteoarthritis,60,4,405300.0,2,None,0
C0594,P51742,2026-02-20,Hospital C,Angioplasty,Coronary Artery Disease,60,2,169700.0,2,None,0
C0595,P97891,2026-02-21,Hospital A,C-Section,Obstructed Labour,30,3,115000.0,1,Duplicate Claim,1
C0596,P98887,2026-02-21,Hospital H,C-Section,Obstructed Labour,23,4,87200.0,2,None,0
C0597,P69076,2026-02-21,Hospital D,Knee Replacement,Osteoarthritis,68,4,271000.0,0,None,0
C0598,P82024,2026-02-21,Hospital H,Appendectomy,Osteoarthritis,12,2,104900.0,1,Diagnosis Mismatch,1
C0599,P20485,2026-02-21,Hospital F,Cataract Surgery,Cataract,59,1,39900.0,3,None,0
C0600,P52693,2026-02-21,Hospital F,Knee Replacement,Osteoarthritis,68,3,338000.0,1,None,0
C0601,P22878,2026-02-21,Hospital B,C-Section,Obstructed Labour,34,3,108300.0,3,None,0
C0602,P36811,2026-02-21,Hospital E,C-Section,Obstructed Labour,35,4,152600.0,5,None,0
C0603,P30761,2026-02-21,Hospital B,Appendectomy,Acute Appendicitis,48,3,79800.0,0,None,0
C0604,P99324,2026-02-21,Hospital A,Angioplasty,Coronary Artery Disease,64,2,192500.0,2,Duplicate Claim,1
C0605,P71371,2026-02-22,Hospital H,Angioplasty,Coronary Artery Disease,64,2,251500.0,2,None,0
C0606,P51928,2026-02-22,Hospital C,Knee Replacement,Osteoarthritis,68,4,330800.0,3,None,0
C0607,P15751,2026-02-22,Hospital B,Appendectomy,Acute Appendicitis,39,2,86000.0,2,None,0
C0608,P26888,2026-02-22,Hospital F,Appendectomy,Acute Appendicitis,25,3,78600.0,1,None,0
C0609,P52916,2026-02-22,Hospital B,Appendectomy,Acute Appendicitis,27,3,84000.0,1,None,0
C0610,P97865,2026-02-22,Hospital F,Angioplasty,Coronary Artery Disease,50,2,278200.0,2,None,0
C0611,P89667,2026-02-22,Hospital E,Appendectomy,Acute Appendicitis,46,3,85600.0,3,None,0
C0612,P73219,2026-02-22,Hospital A,Appendectomy,Acute Appendicitis,44,3,76300.0,4,None,0
C0613,P25552,2026-02-22,Hospital E,C-Section,Obstructed Labour,25,3,133600.0,3,None,0
C0614,P67370,2026-02-22,Hospital C,Cataract Surgery,Cataract,64,1,56900.0,3,None,0
C0615,P57740,2026-02-22,Hospital E,Angioplasty,Coronary Artery Disease,53,2,268000.0,2,None,0
C0616,P47182,2026-02-23,Hospital G,C-Section,Obstructed Labour,35,4,77400.0,1,None,0
C0617,P20198,2026-02-23,Hospital D,Knee Replacement,Osteoarthritis,62,4,319600.0,1,None,0
C0618,P54639,2026-02-23,Hospital E,Angioplasty,Coronary Artery Disease,69,3,292300.0,1,None,0
C0619,P79192,2026-02-23,Hospital A,Cataract Surgery,Cataract,56,0,39100.0,3,None,0
C0620,P74515,2026-02-23,Hospital B,Cataract Surgery,Cataract,65,1,34300.0,0,None,0
C0621,P43714,2026-02-23,Hospital A,C-Section,Obstructed Labour,28,3,88600.0,2,None,0
C0622,P53121,2026-02-23,Hospital E,Cataract Surgery,Cataract,64,0,49300.0,3,None,0
C0623,P90706,2026-02-23,Hospital F,Angioplasty,Coronary Artery Disease,60,2,182400.0,1,None,0
C0624,P48850,2026-02-23,Hospital E,Angioplasty,Coronary Artery Disease,73,3,387600.0,2,None,0
C0625,P61677,2026-02-23,Hospital A,Knee Replacement,Osteoarthritis,69,3,278100.0,3,None,0
C0626,P59769,2026-02-23,Hospital C,Angioplasty,Coronary Artery Disease,64,2,208700.0,1,None,0
C0627,P66861,2026-02-23,Hospital A,Angioplasty,Coronary Artery Disease,53,3,237300.0,2,None,0
C0628,P95060,2026-02-23,Hospital B,Cataract Surgery,Cataract,55,1,40100.0,1,None,0
C0629,P96462,2026-02-24,Hospital D,C-Section,Obstructed Labour,26,3,81600.0,2,None,0
C0630,P72762,2026-02-24,Hospital F,Appendectomy,Acute Appendicitis,16,2,84300.0,3,None,0
C0631,P20035,2026-02-24,Hospital C,Cataract Surgery,Cataract,53,1,56000.0,1,None,0
C0632,P46463,2026-02-24,Hospital H,Cataract Surgery,Cataract,67,0,38200.0,2,None,0
C0633,P78698,2026-02-24,Hospital F,Cataract Surgery,Cataract,52,0,51200.0,1,None,0
C0634,P80372,2026-02-24,Hospital F,Angioplasty,Coronary Artery Disease,59,2,181900.0,0,None,0
C0635,P22550,2026-02-24,Hospital G,Appendectomy,Acute Appendicitis,52,2,53500.0,3,None,0
C0636,P91030,2026-02-24,Hospital G,C-Section,Obstructed Labour,28,4,70700.0,1,None,0
C0637,P72734,2026-02-24,Hospital F,Angioplasty,Coronary Artery Disease,64,2,160200.0,3,None,0
C0638,P10701,2026-02-24,Hospital A,Cataract Surgery,Cataract,56,1,46900.0,2,None,0
C0639,P64387,2026-02-24,Hospital G,C-Section,Obstructed Labour,30,4,108100.0,3,None,0
C0640,P73303,2026-02-24,Hospital E,Cataract Surgery,Cataract,50,9,68900.0,3,Abnormal Length of Stay,1
C0641,P27732,2026-02-24,Hospital A,Knee Replacement,Osteoarthritis,72,3,327200.0,0,None,0
C0642,P73362,2026-02-24,Hospital C,Knee Replacement,Osteoarthritis,64,3,340300.0,2,None,0
C0643,P60814,2026-02-24,Hospital C,Angioplasty,Coronary Artery Disease,67,3,274300.0,1,None,0
C0644,P90984,2026-02-24,Hospital B,Appendectomy,Acute Appendicitis,58,3,77500.0,4,None,0
C0645,P31422,2026-02-24,Hospital B,Appendectomy,Acute Appendicitis,54,3,55500.0,1,None,0
C0646,P38241,2026-02-24,Hospital H,Angioplasty,Coronary Artery Disease,53,3,337900.0,1,None,0
C0647,P24649,2026-02-25,Hospital G,Appendectomy,Acute Appendicitis,53,3,87500.0,3,None,0
C0648,P83944,2026-02-25,Hospital A,Appendectomy,Acute Appendicitis,55,3,87400.0,3,None,0
C0649,P81986,2026-02-25,Hospital H,Knee Replacement,Osteoarthritis,71,4,366200.0,2,None,0
C0650,P26143,2026-02-25,Hospital H,C-Section,Obstructed Labour,34,4,131800.0,1,None,0
C0651,P92769,2026-02-25,Hospital A,Cataract Surgery,Cataract,67,0,53100.0,0,None,0
C0652,P60675,2026-02-25,Hospital E,C-Section,Obstructed Labour,31,3,88900.0,2,None,0
C0653,P47995,2026-02-25,Hospital G,Appendectomy,Acute Appendicitis,36,2,72700.0,1,None,0
C0654,P56669,2026-02-25,Hospital F,Cataract Surgery,Cataract,70,0,34100.0,0,None,0
C0655,P35290,2026-02-25,Hospital E,C-Section,Obstructed Labour,37,4,94800.0,3,None,0
C0656,P87685,2026-02-25,Hospital C,Appendectomy,Acute Appendicitis,23,3,78300.0,2,None,0
C0657,P13884,2026-02-25,Hospital F,C-Section,Obstructed Labour,34,3,105600.0,1,None,0
C0658,P70055,2026-02-26,Hospital C,Cataract Surgery,Cataract,54,0,45300.0,3,None,0
C0659,P19138,2026-02-26,Hospital H,C-Section,Obstructed Labour,31,4,157500.0,2,None,0
C0660,P14471,2026-02-26,Hospital H,Appendectomy,Acute Appendicitis,48,3,97500.0,1,None,0
C0661,P38976,2026-02-26,Hospital A,Appendectomy,Acute Appendicitis,54,2,57100.0,0,None,0
C0662,P91372,2026-02-26,Hospital F,Angioplasty,Coronary Artery Disease,51,3,165300.0,5,None,0
C0663,P90415,2026-02-26,Hospital G,Knee Replacement,Osteoarthritis,69,4,329300.0,1,None,0
C0664,P56526,2026-02-26,Hospital B,Appendectomy,Acute Appendicitis,33,3,62800.0,2,None,0
C0665,P61808,2026-02-26,Hospital G,Appendectomy,Acute Appendicitis,56,2,85000.0,1,None,0
C0666,P24470,2026-02-26,Hospital B,Knee Replacement,Osteoarthritis,70,3,313900.0,4,None,0
C0667,P87692,2026-02-27,Hospital D,Knee Replacement,Osteoarthritis,62,4,322300.0,2,None,0
C0668,P36017,2026-02-27,Hospital H,Cataract Surgery,Cataract,52,0,42000.0,1,None,0
C0669,P78698,2026-02-27,Hospital F,Cataract Surgery,Cataract,52,0,51200.0,1,Duplicate Claim,1
C0670,P46323,2026-02-27,Hospital F,C-Section,Obstructed Labour,25,3,103800.0,2,None,0
C0671,P74864,2026-02-27,Hospital B,Knee Replacement,Osteoarthritis,55,3,298100.0,1,None,0
C0672,P67818,2026-02-27,Hospital H,Cataract Surgery,Cataract,66,1,73700.0,2,None,0
C0673,P56862,2026-02-27,Hospital C,Cataract Surgery,Cataract,67,1,47300.0,2,None,0
C0674,P18656,2026-02-27,Hospital E,Cataract Surgery,Cataract,79,0,45000.0,0,None,0
C0675,P17285,2026-02-27,Hospital H,C-Section,Obstructed Labour,34,3,87200.0,3,None,0
C0676,P25454,2026-02-28,Hospital A,C-Section,Obstructed Labour,34,3,94300.0,3,None,0
C0677,P90902,2026-02-28,Hospital C,Appendectomy,Coronary Artery Disease,58,3,71700.0,3,Diagnosis Mismatch,1
C0678,P43097,2026-02-28,Hospital D,Appendectomy,Acute Appendicitis,14,2,157000.0,1,Inflated Billing,1
C0679,P33863,2026-02-28,Hospital B,Angioplasty,Coronary Artery Disease,69,3,243700.0,3,None,0
C0680,P12219,2026-02-28,Hospital G,Knee Replacement,Osteoarthritis,73,3,326000.0,2,None,0
C0681,P62111,2026-02-28,Hospital E,C-Section,Obstructed Labour,34,4,156100.0,0,None,0
C0682,P73899,2026-02-28,Hospital H,Cataract Surgery,Cataract,70,1,72600.0,3,None,0
C0683,P53495,2026-02-28,Hospital B,C-Section,Obstructed Labour,24,3,118400.0,4,None,0
C0684,P64325,2026-02-28,Hospital H,Angioplasty,Coronary Artery Disease,73,3,338700.0,2,None,0
C0685,P84570,2026-02-28,Hospital F,Angioplasty,Coronary Artery Disease,54,12,208500.0,4,Abnormal Length of Stay,1
C0686,P21995,2026-02-28,Hospital E,Knee Replacement,Osteoarthritis,55,3,341100.0,4,None,0
C0687,P88166,2026-02-28,Hospital G,Cataract Surgery,Cataract,66,0,54700.0,5,None,0
C0688,P63899,2026-02-28,Hospital H,Knee Replacement,Osteoarthritis,61,3,353700.0,0,None,0
C0689,P86310,2026-02-28,Hospital E,Knee Replacement,Osteoarthritis,63,4,396200.0,0,None,0
C0690,P15156,2026-03-01,Hospital E,Knee Replacement,Osteoarthritis,65,3,401400.0,3,None,0
C0691,P45553,2026-03-01,Hospital F,Angioplasty,Coronary Artery Disease,73,2,259500.0,3,None,0
C0692,P67997,2026-03-01,Hospital F,Appendectomy,Acute Appendicitis,53,2,64000.0,1,None,0
C0693,P82945,2026-03-01,Hospital E,C-Section,Obstructed Labour,30,4,131000.0,0,None,0
C0694,P16219,2026-03-01,Hospital H,Angioplasty,Coronary Artery Disease,56,2,393900.0,1,None,0
C0695,P69071,2026-03-01,Hospital C,C-Section,Obstructed Labour,35,3,74400.0,1,None,0
C0696,P19883,2026-03-01,Hospital A,Appendectomy,Acute Appendicitis,53,3,54200.0,0,None,0
C0697,P58172,2026-03-01,Hospital A,C-Section,Obstructed Labour,30,3,116400.0,2,None,0
C0698,P94557,2026-03-01,Hospital D,Angioplasty,Coronary Artery Disease,59,2,255700.0,2,None,0
C0699,P67400,2026-03-01,Hospital E,Angioplasty,Coronary Artery Disease,52,2,204500.0,2,None,0
C0700,P40933,2026-03-01,Hospital G,C-Section,Obstructed Labour,22,3,100600.0,2,None,0
C0701,P98534,2026-03-01,Hospital G,Angioplasty,Coronary Artery Disease,65,2,266700.0,3,None,0
C0702,P54451,2026-03-01,Hospital A,Angioplasty,Coronary Artery Disease,50,2,221800.0,1,None,0
C0703,P59934,2026-03-01,Hospital E,Appendectomy,Acute Appendicitis,33,3,89700.0,3,None,0
C0704,P18793,2026-03-02,Hospital B,C-Section,Obstructed Labour,27,3,65400.0,4,None,0
C0705,P99646,2026-03-02,Hospital F,C-Section,Obstructed Labour,23,3,84500.0,2,None,0
C0706,P44042,2026-03-02,Hospital A,Cataract Surgery,Cataract,51,0,47500.0,4,None,0
C0707,P56129,2026-03-02,Hospital G,Angioplasty,Coronary Artery Disease,70,2,782900.0,7,Inflated Billing,1
C0708,P52772,2026-03-02,Hospital D,Cataract Surgery,Cataract,76,1,58600.0,3,None,0
C0709,P33323,2026-03-02,Hospital A,Appendectomy,Acute Appendicitis,47,2,77500.0,2,None,0
C0710,P63412,2026-03-02,Hospital C,Angioplasty,Coronary Artery Disease,63,3,243100.0,1,None,0
C0711,P55924,2026-03-02,Hospital E,C-Section,Obstructed Labour,28,4,140600.0,5,None,0
C0712,P65660,2026-03-02,Hospital A,C-Section,Obstructed Labour,22,4,105300.0,2,None,0
C0713,P13482,2026-03-02,Hospital G,Appendectomy,Acute Appendicitis,56,2,58700.0,1,None,0
C0714,P98348,2026-03-02,Hospital F,Appendectomy,Acute Appendicitis,36,2,78600.0,0,None,0
C0715,P83795,2026-03-02,Hospital D,Cataract Surgery,Cataract,74,1,44700.0,1,None,0
C0716,P85002,2026-03-02,Hospital C,Angioplasty,Coronary Artery Disease,74,2,151700.0,2,None,0
C0717,P50690,2026-03-02,Hospital D,Cataract Surgery,Cataract,60,0,45900.0,1,None,0
C0718,P94392,2026-03-02,Hospital H,Angioplasty,Coronary Artery Disease,68,3,317600.0,1,None,0
C0719,P34208,2026-03-02,Hospital G,Knee Replacement,Osteoarthritis,69,4,320600.0,1,None,0
C0720,P86293,2026-03-03,Hospital C,Appendectomy,Acute Appendicitis,57,2,82300.0,2,None,0
C0721,P27891,2026-03-03,Hospital H,Appendectomy,Acute Appendicitis,46,3,82600.0,1,None,0
C0722,P60313,2026-03-03,Hospital E,C-Section,Obstructed Labour,26,3,119600.0,3,None,0
C0723,P32934,2026-03-03,Hospital D,Appendectomy,Acute Appendicitis,50,3,60300.0,3,None,0
C0724,P60758,2026-03-03,Hospital H,Angioplasty,Coronary Artery Disease,61,2,276600.0,4,None,0
C0725,P73201,2026-03-03,Hospital F,Knee Replacement,Osteoarthritis,73,3,293500.0,1,None,0
C0726,P92947,2026-03-03,Hospital D,Knee Replacement,Osteoarthritis,69,4,325500.0,1,None,0
C0727,P10328,2026-03-03,Hospital D,C-Section,Obstructed Labour,23,4,93500.0,2,None,0
C0728,P22876,2026-03-03,Hospital G,Angioplasty,Coronary Artery Disease,54,3,193400.0,5,None,0
C0729,P40001,2026-03-03,Hospital G,Angioplasty,Coronary Artery Disease,67,3,222000.0,2,None,0
C0730,P45448,2026-03-03,Hospital D,Angioplasty,Coronary Artery Disease,52,3,197300.0,4,None,0
C0731,P65143,2026-03-03,Hospital F,Knee Replacement,Osteoarthritis,57,4,314600.0,4,None,0
C0732,P44519,2026-03-03,Hospital C,Cataract Surgery,Cataract,68,1,55100.0,2,None,0
C0733,P82417,2026-03-03,Hospital C,Appendectomy,Acute Appendicitis,55,3,78200.0,3,None,0
C0734,P45408,2026-03-03,Hospital E,Appendectomy,Acute Appendicitis,50,3,71100.0,0,None,0
C0735,P47511,2026-03-03,Hospital D,C-Section,Obstructed Labour,37,3,65000.0,1,None,0
C0736,P47823,2026-03-04,Hospital F,Cataract Surgery,Cataract,78,1,37500.0,2,None,0
C0737,P51670,2026-03-04,Hospital D,Knee Replacement,Osteoarthritis,70,3,332900.0,4,None,0
C0738,P29477,2026-03-04,Hospital F,Cataract Surgery,Cataract,76,0,46400.0,2,None,0
C0739,P49883,2026-03-04,Hospital A,C-Section,Obstructed Labour,25,3,70200.0,0,None,0
C0740,P67066,2026-03-04,Hospital F,Angioplasty,Coronary Artery Disease,68,2,289800.0,0,None,0
C0741,P46239,2026-03-04,Hospital H,Knee Replacement,Osteoarthritis,74,3,423900.0,1,None,0
C0742,P45749,2026-03-04,Hospital B,Angioplasty,Coronary Artery Disease,61,3,266500.0,4,None,0
C0743,P24061,2026-03-04,Hospital D,Appendectomy,Acute Appendicitis,43,2,85300.0,3,None,0
C0744,P29306,2026-03-04,Hospital D,Knee Replacement,Osteoarthritis,65,3,257900.0,2,None,0
C0745,P72735,2026-03-04,Hospital B,Angioplasty,Coronary Artery Disease,52,0,187200.0,0,Abnormal Length of Stay,1
C0746,P82338,2026-03-04,Hospital H,Appendectomy,Acute Appendicitis,41,2,63000.0,4,None,0
C0747,P24877,2026-03-04,Hospital E,Appendectomy,Acute Appendicitis,37,2,71200.0,2,None,0
C0748,P34815,2026-03-05,Hospital D,Cataract Surgery,Cataract,78,0,52600.0,4,None,0
C0749,P30073,2026-03-05,Hospital B,Appendectomy,Acute Appendicitis,57,3,52000.0,1,None,0
C0750,P57275,2026-03-05,Hospital C,Cataract Surgery,Cataract,57,0,35200.0,4,None,0
C0751,P95933,2026-03-05,Hospital C,Angioplasty,Coronary Artery Disease,70,3,182800.0,2,None,0
C0752,P94667,2026-03-05,Hospital B,C-Section,Obstructed Labour,27,4,99200.0,0,None,0
C0753,P97750,2026-03-05,Hospital G,Cataract Surgery,Cataract,71,1,38700.0,2,None,0
C0754,P34270,2026-03-05,Hospital G,Appendectomy,Acute Appendicitis,16,2,82100.0,1,None,0
C0755,P84908,2026-03-05,Hospital D,Knee Replacement,Osteoarthritis,74,4,312100.0,6,None,0
C0756,P31957,2026-03-06,Hospital D,C-Section,Obstructed Labour,35,3,113200.0,0,None,0
C0757,P91914,2026-03-06,Hospital B,Cataract Surgery,Cataract,51,0,44200.0,5,None,0
C0758,P64093,2026-03-06,Hospital G,Appendectomy,Acute Appendicitis,39,2,61200.0,3,None,0
C0759,P78350,2026-03-06,Hospital E,Cataract Surgery,Cataract,53,1,45800.0,1,None,0
C0760,P57486,2026-03-06,Hospital F,Appendectomy,Acute Appendicitis,50,3,73400.0,2,None,0
C0761,P45164,2026-03-06,Hospital D,C-Section,Obstructed Labour,34,3,195900.0,0,Inflated Billing,1
C0762,P12263,2026-03-06,Hospital G,C-Section,Obstructed Labour,28,0,106200.0,0,Abnormal Length of Stay,1
C0763,P81980,2026-03-06,Hospital H,Appendectomy,Acute Appendicitis,19,3,104600.0,2,None,0
C0764,P41680,2026-03-06,Hospital E,Knee Replacement,Osteoarthritis,62,4,346000.0,1,None,0
C0765,P46239,2026-03-06,Hospital H,Knee Replacement,Osteoarthritis,74,3,423900.0,1,Duplicate Claim,1
C0766,P87938,2026-03-07,Hospital H,Knee Replacement,Osteoarthritis,66,4,354300.0,1,None,0
C0767,P99093,2026-03-07,Hospital E,Cataract Surgery,Cataract,73,1,44000.0,1,None,0
C0768,P91655,2026-03-07,Hospital F,Angioplasty,Coronary Artery Disease,59,3,282100.0,4,None,0
C0769,P12398,2026-03-07,Hospital A,C-Section,Obstructed Labour,27,3,107400.0,3,None,0
C0770,P21597,2026-03-07,Hospital E,Cataract Surgery,Cataract,72,1,49200.0,1,None,0
C0771,P53475,2026-03-07,Hospital C,Cataract Surgery,Cataract,61,1,38800.0,4,None,0
C0772,P17194,2026-03-07,Hospital G,Cataract Surgery,Cataract,50,1,38200.0,1,None,0
C0773,P49582,2026-03-07,Hospital F,C-Section,Obstructed Labour,37,4,78200.0,4,None,0
C0774,P46301,2026-03-07,Hospital B,Appendectomy,Acute Appendicitis,43,3,66500.0,3,None,0
C0775,P92024,2026-03-07,Hospital D,Angioplasty,Coronary Artery Disease,71,2,254000.0,5,None,0
C0776,P86914,2026-03-07,Hospital B,C-Section,Obstructed Labour,26,3,99200.0,1,None,0
C0777,P20299,2026-03-07,Hospital D,C-Section,Obstructed Labour,24,3,119900.0,3,None,0
C0778,P47173,2026-03-07,Hospital D,Appendectomy,Acute Appendicitis,52,3,64300.0,1,None,0
C0779,P83131,2026-03-08,Hospital C,C-Section,Obstructed Labour,35,4,154000.0,3,Inflated Billing,1
C0780,P74063,2026-03-08,Hospital F,C-Section,Obstructed Labour,29,3,73300.0,3,None,0
C0781,P63471,2026-03-08,Hospital B,Cataract Surgery,Cataract,66,0,33700.0,1,None,0
C0782,P69321,2026-03-08,Hospital D,Knee Replacement,Osteoarthritis,73,3,259500.0,2,None,0
C0783,P97696,2026-03-08,Hospital E,Knee Replacement,Osteoarthritis,63,4,395600.0,4,None,0
C0784,P95474,2026-03-08,Hospital G,C-Section,Obstructed Labour,29,4,73800.0,3,None,0
C0785,P34975,2026-03-08,Hospital F,Knee Replacement,Osteoarthritis,57,4,309600.0,2,None,0
C0786,P16624,2026-03-08,Hospital D,Knee Replacement,Osteoarthritis,74,4,314300.0,1,None,0
C0787,P53358,2026-03-08,Hospital E,Cataract Surgery,Cataract,65,0,119600.0,3,Inflated Billing,1
C0788,P50156,2026-03-08,Hospital E,Knee Replacement,Osteoarthritis,66,4,415900.0,1,None,0
C0789,P45366,2026-03-08,Hospital C,C-Section,Obstructed Labour,25,4,84500.0,3,None,0
C0790,P91387,2026-03-08,Hospital B,Appendectomy,Acute Appendicitis,28,3,73400.0,2,None,0
C0791,P52061,2026-03-08,Hospital E,Cataract Surgery,Cataract,67,1,45000.0,1,None,0
C0792,P61253,2026-03-09,Hospital A,C-Section,Obstructed Labour,29,3,111200.0,2,None,0
C0793,P90199,2026-03-09,Hospital G,Appendectomy,Acute Appendicitis,17,3,55900.0,3,None,0
C0794,P73347,2026-03-09,Hospital E,C-Section,Obstructed Labour,27,4,127400.0,2,None,0
C0795,P27700,2026-03-09,Hospital E,C-Section,Obstructed Labour,36,4,137000.0,3,None,0
C0796,P78173,2026-03-09,Hospital H,Knee Replacement,Osteoarthritis,71,4,349500.0,3,None,0
C0797,P59654,2026-03-09,Hospital F,Knee Replacement,Osteoarthritis,73,3,295900.0,5,None,0
C0798,P20251,2026-03-09,Hospital G,Appendectomy,Acute Appendicitis,22,2,58900.0,3,None,0
C0799,P34608,2026-03-09,Hospital G,Angioplasty,Coronary Artery Disease,59,2,172100.0,0,None,0
C0800,P85779,2026-03-09,Hospital H,Cataract Surgery,Cataract,79,0,69700.0,2,None,0
C0801,P75560,2026-03-09,Hospital G,Angioplasty,Coronary Artery Disease,67,0,173800.0,3,Abnormal Length of Stay,1
C0802,P97797,2026-03-09,Hospital F,Cataract Surgery,Cataract,70,1,41400.0,2,None,0
C0803,P99799,2026-03-09,Hospital C,Knee Replacement,Osteoarthritis,64,3,342300.0,1,None,0
C0804,P86687,2026-03-10,Hospital E,Cataract Surgery,Cataract,61,0,64200.0,3,None,0
C0805,P53232,2026-03-10,Hospital D,Cataract Surgery,Cataract,55,0,45600.0,2,None,0
C0806,P85511,2026-03-10,Hospital G,C-Section,Obstructed Labour,35,4,73900.0,2,None,0
C0807,P60559,2026-03-10,Hospital E,Angioplasty,Coronary Artery Disease,62,2,331900.0,5,None,0
C0808,P57393,2026-03-10,Hospital D,Appendectomy,Acute Appendicitis,44,2,71700.0,2,None,0
C0809,P58921,2026-03-10,Hospital A,Knee Replacement,Osteoarthritis,70,3,336800.0,3,None,0
C0810,P59758,2026-03-10,Hospital B,Cataract Surgery,Cataract,50,0,39200.0,1,None,0
C0811,P12316,2026-03-10,Hospital B,Knee Replacement,Osteoarthritis,60,4,342700.0,2,None,0
C0812,P31815,2026-03-10,Hospital E,Cataract Surgery,Cataract,60,1,45700.0,2,None,0
C0813,P54183,2026-03-10,Hospital G,Angioplasty,Coronary Artery Disease,63,3,195600.0,3,None,0
C0814,P30615,2026-03-10,Hospital E,Cataract Surgery,Cataract,76,1,125800.0,1,Inflated Billing,1
C0815,P68355,2026-03-10,Hospital D,Angioplasty,Coronary Artery Disease,55,3,207500.0,2,None,0
C0816,P45875,2026-03-11,Hospital B,Knee Replacement,Osteoarthritis,61,4,292900.0,0,None,0
C0817,P50145,2026-03-11,Hospital D,Knee Replacement,Osteoarthritis,61,3,344300.0,2,None,0
C0818,P68623,2026-03-11,Hospital H,Appendectomy,Acute Appendicitis,30,3,113600.0,3,None,0
C0819,P48308,2026-03-11,Hospital C,Cataract Surgery,Cataract,60,0,50300.0,0,None,0
C0820,P86880,2026-03-11,Hospital H,Appendectomy,Acute Appendicitis,41,3,78300.0,2,None,0
C0821,P41321,2026-03-11,Hospital C,Angioplasty,Coronary Artery Disease,70,2,264500.0,3,None,0
C0822,P79439,2026-03-11,Hospital E,C-Section,Obstructed Labour,26,3,138900.0,2,None,0
C0823,P75421,2026-03-11,Hospital G,Cataract Surgery,Cataract,68,0,51900.0,2,None,0
C0824,P66477,2026-03-11,Hospital D,Knee Replacement,Osteoarthritis,58,3,324200.0,2,None,0
C0825,P49604,2026-03-11,Hospital D,Appendectomy,Acute Appendicitis,34,2,66300.0,0,None,0
C0826,P45039,2026-03-11,Hospital B,Cataract Surgery,Cataract,51,1,44400.0,4,None,0
C0827,P87125,2026-03-11,Hospital C,Angioplasty,Coronary Artery Disease,69,2,153800.0,4,None,0
C0828,P27700,2026-03-11,Hospital E,C-Section,Obstructed Labour,36,4,137000.0,3,Duplicate Claim,1
C0829,P57486,2026-03-11,Hospital F,Appendectomy,Acute Appendicitis,50,3,73400.0,2,Duplicate Claim,1
C0830,P30350,2026-03-12,Hospital F,Appendectomy,Acute Appendicitis,54,3,76200.0,1,None,0
C0831,P50640,2026-03-12,Hospital B,Cataract Surgery,Cataract,73,0,47400.0,0,None,0
C0832,P78569,2026-03-12,Hospital H,Appendectomy,Acute Appendicitis,13,2,105900.0,3,None,0
C0833,P52011,2026-03-12,Hospital B,C-Section,Obstructed Labour,28,4,119800.0,2,None,0
C0834,P99893,2026-03-12,Hospital C,Angioplasty,Coronary Artery Disease,57,2,202400.0,1,None,0
C0835,P13677,2026-03-12,Hospital A,Appendectomy,Acute Appendicitis,29,2,60400.0,3,None,0
C0836,P72133,2026-03-12,Hospital D,C-Section,Obstructed Labour,26,3,115600.0,1,None,0
C0837,P67430,2026-03-12,Hospital A,C-Section,Obstructed Labour,31,3,116800.0,0,None,0
C0838,P80326,2026-03-12,Hospital H,Angioplasty,Coronary Artery Disease,69,2,271600.0,1,None,0
C0839,P42702,2026-03-12,Hospital G,Appendectomy,Acute Appendicitis,59,2,50800.0,2,None,0
C0840,P49385,2026-03-12,Hospital C,Appendectomy,Acute Appendicitis,58,2,64000.0,2,None,0
C0841,P47594,2026-03-12,Hospital F,Appendectomy,Acute Appendicitis,31,2,76200.0,0,None,0
C0842,P63471,2026-03-12,Hospital B,Cataract Surgery,Cataract,66,0,33700.0,1,Duplicate Claim,1
C0843,P53302,2026-03-12,Hospital H,Knee Replacement,Osteoarthritis,60,3,407700.0,1,None,0
C0844,P51337,2026-03-12,Hospital E,C-Section,Obstructed Labour,29,3,150000.0,2,None,0
C0845,P29419,2026-03-12,Hospital F,C-Section,Obstructed Labour,30,4,76000.0,2,None,0
C0846,P64899,2026-03-13,Hospital B,Cataract Surgery,Cataract,55,0,30200.0,0,None,0
C0847,P52569,2026-03-13,Hospital A,Appendectomy,Acute Appendicitis,15,2,62300.0,3,None,0
C0848,P19467,2026-03-13,Hospital G,Knee Replacement,Osteoarthritis,56,4,283900.0,1,None,0
C0849,P60656,2026-03-13,Hospital H,Angioplasty,Coronary Artery Disease,61,8,292300.0,0,Abnormal Length of Stay,1
C0850,P67309,2026-03-13,Hospital A,Cataract Surgery,Cataract,57,0,46800.0,1,None,0
C0851,P78425,2026-03-13,Hospital B,Appendectomy,Acute Appendicitis,17,3,58000.0,2,None,0
C0852,P43544,2026-03-13,Hospital C,C-Section,Obstructed Labour,36,3,88800.0,3,None,0
C0853,P54631,2026-03-13,Hospital D,Angioplasty,Coronary Artery Disease,54,3,257800.0,0,None,0
C0854,P69310,2026-03-13,Hospital F,C-Section,Obstructed Labour,27,3,61500.0,2,None,0
C0855,P97232,2026-03-13,Hospital A,C-Section,Obstructed Labour,33,3,107000.0,2,None,0
C0856,P39220,2026-03-13,Hospital G,C-Section,Obstructed Labour,36,3,109900.0,2,None,0
C0857,P31579,2026-03-13,Hospital G,Appendectomy,Acute Appendicitis,35,3,50100.0,0,None,0
C0858,P98532,2026-03-13,Hospital D,Appendectomy,Acute Appendicitis,54,2,52200.0,1,None,0
C0859,P82184,2026-03-13,Hospital F,Appendectomy,Acute Appendicitis,37,2,72200.0,1,None,0
C0860,P53129,2026-03-14,Hospital E,Angioplasty,Coronary Artery Disease,66,3,356700.0,1,None,0
C0861,P38632,2026-03-14,Hospital F,Appendectomy,Acute Appendicitis,48,2,70000.0,3,None,0
C0862,P11489,2026-03-14,Hospital A,C-Section,Obstructed Labour,25,4,111100.0,2,None,0
C0863,P19261,2026-03-14,Hospital H,Appendectomy,Acute Appendicitis,57,3,88300.0,3,None,0
C0864,P28394,2026-03-14,Hospital F,Appendectomy,Acute Appendicitis,50,2,71300.0,3,None,0
C0865,P83253,2026-03-14,Hospital C,Angioplasty,Coronary Artery Disease,52,2,239300.0,2,None,0
C0866,P97698,2026-03-14,Hospital D,Knee Replacement,Osteoarthritis,72,4,303200.0,1,None,0
C0867,P68066,2026-03-14,Hospital C,Cataract Surgery,Cataract,76,1,46000.0,2,None,0
C0868,P68281,2026-03-14,Hospital F,C-Section,Obstructed Labour,26,4,80400.0,2,None,0
C0869,P19211,2026-03-15,Hospital D,Knee Replacement,Osteoarthritis,71,3,339600.0,4,None,0
C0870,P29905,2026-03-15,Hospital A,Appendectomy,Acute Appendicitis,55,3,212100.0,4,Inflated Billing,1
C0871,P48689,2026-03-15,Hospital A,Knee Replacement,Osteoarthritis,66,4,349500.0,0,None,0
C0872,P91685,2026-03-15,Hospital C,Cataract Surgery,Cataract,64,1,48800.0,2,None,0
C0873,P37241,2026-03-15,Hospital A,Angioplasty,Coronary Artery Disease,54,2,299900.0,1,None,0
C0874,P76825,2026-03-15,Hospital B,Appendectomy,Acute Appendicitis,16,3,89200.0,3,None,0
C0875,P59696,2026-03-15,Hospital F,Cataract Surgery,Cataract,65,1,33100.0,2,None,0
C0876,P84391,2026-03-15,Hospital E,C-Section,Obstructed Labour,26,4,82600.0,2,None,0
C0877,P28902,2026-03-15,Hospital B,Appendectomy,Acute Appendicitis,41,2,79600.0,1,None,0
C0878,P57208,2026-03-16,Hospital A,Cataract Surgery,Cataract,60,9,44800.0,3,Abnormal Length of Stay,1
C0879,P10860,2026-03-16,Hospital C,Appendectomy,Acute Appendicitis,23,3,89600.0,1,None,0
C0880,P73637,2026-03-16,Hospital B,C-Section,Obstructed Labour,27,4,71500.0,2,None,0
C0881,P50447,2026-03-16,Hospital A,C-Section,Obstructed Labour,33,3,93100.0,3,None,0
C0882,P66505,2026-03-16,Hospital F,Knee Replacement,Osteoarthritis,74,4,296600.0,3,None,0
C0883,P91592,2026-03-16,Hospital G,Appendectomy,Acute Appendicitis,55,3,80000.0,0,None,0
C0884,P27131,2026-03-16,Hospital H,Cataract Surgery,Cataract,50,1,68900.0,3,None,0
C0885,P99165,2026-03-16,Hospital B,Appendectomy,Acute Appendicitis,16,3,53000.0,2,None,0
C0886,P90779,2026-03-16,Hospital B,C-Section,Obstructed Labour,29,3,90300.0,2,None,0
C0887,P84622,2026-03-16,Hospital D,Cataract Surgery,Cataract,64,0,50700.0,1,None,0
C0888,P77907,2026-03-16,Hospital H,Knee Replacement,Osteoarthritis,55,4,413400.0,2,None,0
C0889,P90259,2026-03-16,Hospital B,Angioplasty,Coronary Artery Disease,66,2,176600.0,0,None,0
C0890,P69118,2026-03-17,Hospital G,C-Section,Obstructed Labour,34,3,67100.0,2,None,0
C0891,P95305,2026-03-17,Hospital H,C-Section,Obstructed Labour,24,4,108200.0,1,None,0
C0892,P78028,2026-03-17,Hospital F,Cataract Surgery,Cataract,70,0,31600.0,1,None,0
C0893,P36870,2026-03-17,Hospital C,Knee Replacement,Osteoarthritis,60,4,277200.0,2,None,0
C0894,P41690,2026-03-17,Hospital D,Angioplasty,Coronary Artery Disease,66,3,261900.0,2,None,0
C0895,P58973,2026-03-17,Hospital D,Cataract Surgery,Cataract,64,0,48000.0,3,None,0
C0896,P12274,2026-03-17,Hospital D,Cataract Surgery,Cataract,63,0,54500.0,1,None,0
C0897,P94273,2026-03-17,Hospital F,Appendectomy,Acute Appendicitis,48,3,60400.0,3,None,0
C0898,P70782,2026-03-17,Hospital F,Angioplasty,Coronary Artery Disease,53,2,257100.0,5,None,0
C0899,P48745,2026-03-17,Hospital E,Cataract Surgery,Cataract,68,0,73500.0,1,None,0
C0900,P42202,2026-03-17,Hospital C,Appendectomy,Acute Appendicitis,31,2,56400.0,3,None,0
C0901,P69587,2026-03-18,Hospital C,Knee Replacement,Osteoarthritis,59,3,267600.0,1,None,0
C0902,P62513,2026-03-18,Hospital D,Cataract Surgery,Cataract,79,1,52900.0,1,None,0
C0903,P83281,2026-03-18,Hospital D,Angioplasty,Coronary Artery Disease,50,3,181400.0,2,None,0
C0904,P58554,2026-03-18,Hospital H,Knee Replacement,Osteoarthritis,69,4,410800.0,2,None,0
C0905,P49278,2026-03-18,Hospital D,Appendectomy,Acute Appendicitis,50,3,51600.0,5,None,0
C0906,P16201,2026-03-18,Hospital E,C-Section,Obstructed Labour,35,3,91200.0,2,None,0
C0907,P13252,2026-03-18,Hospital H,C-Section,Obstructed Labour,28,4,117200.0,0,None,0
C0908,P70104,2026-03-18,Hospital A,Angioplasty,Coronary Artery Disease,58,3,166300.0,3,None,0
C0909,P64312,2026-03-18,Hospital E,Knee Replacement,Osteoarthritis,62,3,409400.0,1,None,0
C0910,P56096,2026-03-18,Hospital E,Angioplasty,Coronary Artery Disease,66,2,299600.0,3,None,0
C0911,P14452,2026-03-19,Hospital E,Appendectomy,Acute Appendicitis,18,2,84600.0,1,None,0
C0912,P62581,2026-03-19,Hospital H,Appendectomy,Acute Appendicitis,53,3,199000.0,7,Provider Outlier,1
C0913,P65099,2026-03-19,Hospital G,C-Section,Obstructed Labour,25,3,69700.0,2,None,0
C0914,P90826,2026-03-19,Hospital B,Cataract Surgery,Cataract,61,1,54100.0,1,None,0
C0915,P12988,2026-03-19,Hospital B,Cataract Surgery,Cataract,78,0,43600.0,3,None,0
C0916,P59727,2026-03-19,Hospital F,Cataract Surgery,Cataract,53,1,48800.0,1,None,0
C0917,P23143,2026-03-19,Hospital D,C-Section,Obstructed Labour,33,4,76700.0,1,None,0
C0918,P54000,2026-03-19,Hospital C,Angioplasty,Coronary Artery Disease,67,3,278700.0,0,None,0
C0919,P56891,2026-03-19,Hospital A,C-Section,Obstructed Labour,37,3,99800.0,1,None,0
C0920,P68863,2026-03-20,Hospital B,Knee Replacement,Osteoarthritis,64,3,261600.0,0,None,0
C0921,P85298,2026-03-20,Hospital A,C-Section,Obstructed Labour,29,3,72600.0,2,None,0
C0922,P45564,2026-03-20,Hospital F,Cataract Surgery,Cataract,55,0,34600.0,4,None,0
C0923,P37058,2026-03-20,Hospital E,Angioplasty,Coronary Artery Disease,63,2,221700.0,2,None,0
C0924,P69587,2026-03-20,Hospital C,Knee Replacement,Osteoarthritis,59,3,267600.0,1,Duplicate Claim,1
C0925,P88207,2026-03-20,Hospital E,C-Section,Obstructed Labour,30,3,127100.0,5,None,0
C0926,P21940,2026-03-20,Hospital A,Appendectomy,Acute Appendicitis,50,3,51400.0,0,None,0
C0927,P31418,2026-03-20,Hospital H,C-Section,Obstructed Labour,29,3,89100.0,4,None,0
C0928,P50997,2026-03-20,Hospital F,Appendectomy,Acute Appendicitis,31,2,57600.0,3,None,0
C0929,P16154,2026-03-21,Hospital C,Knee Replacement,Osteoarthritis,69,3,334700.0,1,None,0
C0930,P68546,2026-03-21,Hospital F,C-Section,Obstructed Labour,27,4,107500.0,3,None,0
C0931,P81264,2026-03-21,Hospital B,C-Section,Obstructed Labour,31,4,108500.0,1,None,0
C0932,P18533,2026-03-21,Hospital F,Knee Replacement,Osteoarthritis,65,4,315200.0,1,None,0
C0933,P30728,2026-03-21,Hospital A,Appendectomy,Acute Appendicitis,19,2,67900.0,3,None,0
C0934,P88921,2026-03-21,Hospital E,Cataract Surgery,Cataract,74,0,79000.0,1,None,0
C0935,P19481,2026-03-21,Hospital B,Angioplasty,Coronary Artery Disease,70,3,270100.0,0,None,0
C0936,P11921,2026-03-21,Hospital C,Angioplasty,Coronary Artery Disease,52,2,168900.0,3,None,0
C0937,P23438,2026-03-22,Hospital E,Cataract Surgery,Cataract,57,1,58400.0,2,None,0
C0938,P54515,2026-03-22,Hospital C,Knee Replacement,Osteoarthritis,61,3,268800.0,2,None,0
C0939,P44203,2026-03-22,Hospital D,Appendectomy,Acute Appendicitis,22,3,50200.0,3,None,0
C0940,P80801,2026-03-22,Hospital H,Angioplasty,Coronary Artery Disease,72,3,373700.0,0,None,0
C0941,P73460,2026-03-22,Hospital A,Knee Replacement,Osteoarthritis,67,3,266400.0,1,None,0
C0942,P98937,2026-03-22,Hospital C,Cataract Surgery,Cataract,74,0,59900.0,1,None,0
C0943,P20420,2026-03-22,Hospital E,Knee Replacement,Osteoarthritis,72,4,730600.0,6,Provider Outlier,1
C0944,P26580,2026-03-22,Hospital F,Knee Replacement,Osteoarthritis,67,4,304700.0,2,None,0
C0945,P78202,2026-03-22,Hospital D,Appendectomy,Acute Appendicitis,35,2,61300.0,4,None,0
C0946,P73262,2026-03-22,Hospital D,Angioplasty,Coronary Artery Disease,73,3,241100.0,2,None,0
C0947,P49382,2026-03-22,Hospital H,Cataract Surgery,Cataract,61,0,71000.0,2,None,0
C0948,P33395,2026-03-22,Hospital E,Knee Replacement,Osteoarthritis,67,3,356800.0,1,None,0
C0949,P35509,2026-03-22,Hospital A,C-Section,Obstructed Labour,28,4,105100.0,0,None,0
C0950,P86885,2026-03-23,Hospital F,Appendectomy,Acute Appendicitis,14,3,63700.0,4,None,0
C0951,P78332,2026-03-23,Hospital B,Cataract Surgery,Cataract,53,1,54900.0,2,None,0
C0952,P89147,2026-03-23,Hospital C,C-Section,Obstructed Labour,31,3,108100.0,3,None,0
C0953,P62560,2026-03-23,Hospital E,Cataract Surgery,Cataract,59,1,72200.0,2,None,0
C0954,P88021,2026-03-23,Hospital B,Cataract Surgery,Cataract,59,1,45000.0,1,None,0
C0955,P78618,2026-03-23,Hospital G,Knee Replacement,Osteoarthritis,64,4,284100.0,5,None,0
C0956,P68037,2026-03-23,Hospital B,Appendectomy,Acute Appendicitis,12,2,68400.0,2,None,0
C0957,P72633,2026-03-23,Hospital C,Angioplasty,Acute Appendicitis,62,2,211500.0,1,Diagnosis Mismatch,1
C0958,P83776,2026-03-23,Hospital E,Angioplasty,Coronary Artery Disease,60,3,339400.0,2,None,0
C0959,P74943,2026-03-23,Hospital F,Appendectomy,Acute Appendicitis,19,3,55000.0,1,None,0
C0960,P31488,2026-03-23,Hospital B,Appendectomy,Acute Appendicitis,30,2,67800.0,2,None,0
C0961,P42153,2026-03-23,Hospital A,Appendectomy,Acute Appendicitis,47,3,89700.0,2,None,0
C0962,P23857,2026-03-23,Hospital B,Angioplasty,Coronary Artery Disease,67,2,246000.0,0,None,0
C0963,P48771,2026-03-23,Hospital H,Angioplasty,Coronary Artery Disease,71,2,231500.0,2,None,0
C0964,P40639,2026-03-24,Hospital G,Appendectomy,Acute Appendicitis,22,3,76000.0,2,None,0
C0965,P20546,2026-03-24,Hospital C,C-Section,Obstructed Labour,24,4,68300.0,3,None,0
C0966,P87091,2026-03-24,Hospital C,Knee Replacement,Osteoarthritis,66,4,328500.0,2,None,0
C0967,P89188,2026-03-24,Hospital E,Knee Replacement,Osteoarthritis,60,4,409700.0,2,None,0
C0968,P35939,2026-03-24,Hospital E,Appendectomy,Acute Appendicitis,16,2,110800.0,3,None,0
C0969,P62927,2026-03-24,Hospital E,Cataract Surgery,Cataract,58,0,60700.0,3,None,0
C0970,P31265,2026-03-25,Hospital A,C-Section,Obstructed Labour,28,4,109700.0,1,None,0
C0971,P63057,2026-03-25,Hospital C,Knee Replacement,Osteoarthritis,65,3,282500.0,3,None,0
C0972,P38060,2026-03-25,Hospital H,Angioplasty,Coronary Artery Disease,67,2,293400.0,1,None,0
C0973,P91965,2026-03-25,Hospital C,Cataract Surgery,Cataract,56,1,38900.0,1,None,0
C0974,P68593,2026-03-25,Hospital G,C-Section,Obstructed Labour,31,4,69600.0,1,None,0
C0975,P48887,2026-03-25,Hospital A,Cataract Surgery,Cataract,69,1,51600.0,2,None,0
C0976,P19090,2026-03-25,Hospital G,Cataract Surgery,Cataract,74,0,38300.0,3,None,0
C0977,P91123,2026-03-25,Hospital F,Cataract Surgery,Cataract,66,1,56800.0,5,None,0
C0978,P78674,2026-03-25,Hospital G,Appendectomy,Acute Appendicitis,54,3,60000.0,1,None,0
C0979,P82884,2026-03-25,Hospital D,Knee Replacement,Osteoarthritis,57,3,330400.0,1,None,0
C0980,P54865,2026-03-26,Hospital H,Cataract Surgery,Cataract,75,1,56000.0,2,None,0
C0981,P81241,2026-03-26,Hospital H,Knee Replacement,Osteoarthritis,56,3,395100.0,0,None,0
C0982,P26227,2026-03-26,Hospital H,Angioplasty,Coronary Artery Disease,62,2,297300.0,3,None,0
C0983,P46592,2026-03-26,Hospital H,Knee Replacement,Osteoarthritis,71,4,364400.0,2,None,0
C0984,P67706,2026-03-26,Hospital H,Knee Replacement,Osteoarthritis,61,4,329000.0,1,None,0
C0985,P63946,2026-03-26,Hospital F,Appendectomy,Acute Appendicitis,22,2,74700.0,5,None,0
C0986,P46314,2026-03-27,Hospital C,Angioplasty,Coronary Artery Disease,60,2,280800.0,2,None,0
C0987,P70674,2026-03-27,Hospital H,Appendectomy,Acute Appendicitis,38,2,105300.0,2,None,0
C0988,P17442,2026-03-27,Hospital F,C-Section,Obstructed Labour,37,3,109300.0,2,None,0
C0989,P32817,2026-03-27,Hospital E,Angioplasty,Coronary Artery Disease,62,2,316400.0,0,None,0
C0990,P49305,2026-03-27,Hospital B,Angioplasty,Coronary Artery Disease,62,3,298500.0,3,None,0
C0991,P43518,2026-03-27,Hospital H,Knee Replacement,Osteoarthritis,66,4,389400.0,1,None,0
C0992,P96330,2026-03-27,Hospital D,Angioplasty,Coronary Artery Disease,72,2,235500.0,4,None,0
C0993,P27023,2026-03-28,Hospital F,Angioplasty,Coronary Artery Disease,62,2,154700.0,0,None,0
C0994,P14263,2026-03-28,Hospital G,C-Section,Obstructed Labour,31,4,69000.0,1,None,0
C0995,P69462,2026-03-28,Hospital D,Appendectomy,Acute Appendicitis,22,2,68600.0,2,None,0
C0996,P47503,2026-03-28,Hospital A,Cataract Surgery,Cataract,58,0,38300.0,3,None,0
C0997,P93156,2026-03-28,Hospital F,Angioplasty,Coronary Artery Disease,51,3,171000.0,1,None,0
C0998,P59344,2026-03-28,Hospital F,Appendectomy,Acute Appendicitis,52,3,169700.0,1,Inflated Billing,1
C0999,P97598,2026-03-28,Hospital D,Appendectomy,Acute Appendicitis,26,3,52100.0,1,None,0
C1000,P27213,2026-03-28,Hospital D,Angioplasty,Coronary Artery Disease,51,2,298400.0,1,None,0
C1001,P79123,2026-03-28,Hospital F,Appendectomy,Acute Appendicitis,26,2,57000.0,2,None,0
C1002,P83134,2026-03-28,Hospital G,C-Section,Obstructed Labour,31,3,110300.0,2,None,0
C1003,P90009,2026-03-29,Hospital G,Appendectomy,Acute Appendicitis,42,3,78100.0,3,None,0
C1004,P70557,2026-03-29,Hospital E,Knee Replacement,Osteoarthritis,61,4,430900.0,2,None,0
C1005,P52742,2026-03-29,Hospital D,Angioplasty,Coronary Artery Disease,58,3,298900.0,2,None,0
C1006,P95499,2026-03-29,Hospital B,C-Section,Obstructed Labour,34,3,98600.0,1,None,0
C1007,P25295,2026-03-29,Hospital G,Appendectomy,Acute Appendicitis,45,2,70300.0,1,None,0
C1008,P38347,2026-03-29,Hospital G,C-Section,Obstructed Labour,34,3,62700.0,1,None,0
C1009,P93539,2026-03-29,Hospital B,C-Section,Obstructed Labour,22,0,76000.0,0,Abnormal Length of Stay,1
C1010,P42271,2026-03-29,Hospital E,C-Section,Obstructed Labour,26,3,108400.0,2,None,0
C1011,P80620,2026-03-29,Hospital B,Cataract Surgery,Cataract,57,0,45000.0,1,None,0
C1012,P17731,2026-03-29,Hospital C,C-Section,Obstructed Labour,25,4,105200.0,1,None,0
C1013,P35415,2026-03-29,Hospital H,C-Section,Obstructed Labour,26,3,142000.0,0,None,0
C1014,P88475,2026-03-29,Hospital A,C-Section,Obstructed Labour,37,4,83200.0,5,None,0
C1015,P24972,2026-03-29,Hospital B,Appendectomy,Acute Appendicitis,17,3,79400.0,3,None,0
C1016,P96182,2026-03-30,Hospital F,Appendectomy,Acute Appendicitis,48,2,79300.0,2,None,0
C1017,P75234,2026-03-30,Hospital E,C-Section,Obstructed Labour,30,4,94600.0,1,None,0
C1018,P79563,2026-03-30,Hospital E,Appendectomy,Acute Appendicitis,30,3,120700.0,2,None,0
C1019,P36699,2026-03-30,Hospital C,C-Section,Obstructed Labour,37,3,110900.0,2,None,0
C1020,P63927,2026-03-30,Hospital B,Cataract Surgery,Cataract,68,1,52600.0,3,None,0
C1021,P51670,2026-03-30,Hospital E,C-Section,Obstructed Labour,35,3,112600.0,3,None,0
C1022,P83975,2026-03-30,Hospital H,Angioplasty,Coronary Artery Disease,66,3,329500.0,0,None,0
C1023,P52906,2026-03-30,Hospital C,Cataract Surgery,Cataract,79,0,35000.0,0,None,0
C1024,P62403,2026-03-30,Hospital G,Appendectomy,Acute Appendicitis,16,2,87900.0,1,None,0
C1025,P30124,2026-03-30,Hospital C,Cataract Surgery,Cataract,58,0,47300.0,2,None,0
C1026,P72037,2026-03-31,Hospital E,Angioplasty,Coronary Artery Disease,57,2,313700.0,2,None,0
C1027,P95486,2026-03-31,Hospital F,Angioplasty,Coronary Artery Disease,61,2,220000.0,2,None,0
C1028,P31636,2026-03-31,Hospital D,Appendectomy,Acute Appendicitis,34,3,75400.0,6,None,0
C1029,P84529,2026-03-31,Hospital D,C-Section,Obstructed Labour,37,3,98500.0,3,None,0
C1030,P37441,2026-03-31,Hospital H,Appendectomy,Acute Appendicitis,49,2,112900.0,4,None,0
C1031,P66425,2026-03-31,Hospital B,C-Section,Obstructed Labour,26,3,75700.0,3,None,0
C1032,P73736,2026-03-31,Hospital D,Knee Replacement,Osteoarthritis,74,4,250900.0,3,None,0
C1033,P71113,2026-03-31,Hospital G,Angioplasty,Coronary Artery Disease,63,3,280900.0,1,None,0
C1034,P26940,2026-03-31,Hospital F,C-Section,Obstructed Labour,29,3,62500.0,1,None,0
C1035,P36089,2026-03-31,Hospital A,Knee Replacement,Osteoarthritis,73,4,320700.0,4,None,0
C1036,P52812,2026-03-31,Hospital G,C-Section,Obstructed Labour,32,3,67800.0,4,None,0
C1037,P71854,2026-03-31,Hospital E,Angioplasty,Obstructed Labour,69,2,341900.0,2,Diagnosis Mismatch,1
C1038,P86002,2026-03-31,Hospital F,Angioplasty,Coronary Artery Disease,73,3,200800.0,6,None,0
C1039,P81659,2026-04-01,Hospital F,Cataract Surgery,Cataract,62,0,34900.0,3,None,0
C1040,P26238,2026-04-01,Hospital F,Knee Replacement,Osteoarthritis,63,4,252400.0,2,None,0
C1041,P20808,2026-04-01,Hospital A,Appendectomy,Acute Appendicitis,33,2,55400.0,2,None,0
C1042,P57565,2026-04-01,Hospital H,Knee Replacement,Osteoarthritis,69,4,403900.0,0,None,0
C1043,P53368,2026-04-01,Hospital F,C-Section,Obstructed Labour,35,4,69000.0,4,None,0
C1044,P93436,2026-04-01,Hospital D,Knee Replacement,Osteoarthritis,58,4,348600.0,2,None,0
C1045,P99508,2026-04-01,Hospital B,Knee Replacement,Osteoarthritis,70,4,298000.0,0,None,0
C1046,P23375,2026-04-01,Hospital A,Knee Replacement,Osteoarthritis,72,3,286400.0,4,None,0
C1047,P12015,2026-04-01,Hospital H,Angioplasty,Coronary Artery Disease,67,3,324200.0,1,None,0
C1048,P14921,2026-04-02,Hospital F,Cataract Surgery,Cataract,63,1,30700.0,2,None,0
C1049,P49428,2026-04-02,Hospital G,Knee Replacement,Osteoarthritis,67,3,319300.0,3,None,0
C1050,P26991,2026-04-02,Hospital B,C-Section,Obstructed Labour,24,4,111600.0,1,None,0
C1051,P23811,2026-04-02,Hospital E,C-Section,Obstructed Labour,24,3,315000.0,4,Inflated Billing,1
C1052,P17738,2026-04-02,Hospital F,Angioplasty,Coronary Artery Disease,68,3,167800.0,2,None,0
C1053,P48094,2026-04-02,Hospital G,C-Section,Obstructed Labour,33,4,66100.0,1,None,0
C1054,P15165,2026-04-02,Hospital E,Cataract Surgery,Cataract,73,1,63000.0,2,None,0
C1055,P30931,2026-04-02,Hospital D,Knee Replacement,Osteoarthritis,67,3,291700.0,1,None,0
C1056,P65880,2026-04-02,Hospital G,Appendectomy,Acute Appendicitis,43,2,74700.0,3,None,0
C1057,P41993,2026-04-02,Hospital B,Knee Replacement,Osteoarthritis,67,4,309700.0,2,None,0
C1058,P11048,2026-04-02,Hospital D,C-Section,Obstructed Labour,34,4,118600.0,1,None,0
C1059,P94462,2026-04-02,Hospital D,C-Section,Obstructed Labour,34,4,84500.0,2,None,0
C1060,P68359,2026-04-02,Hospital E,Appendectomy,Acute Appendicitis,55,3,111800.0,1,None,0
C1061,P77236,2026-04-02,Hospital B,Appendectomy,Acute Appendicitis,53,3,84100.0,1,None,0
C1062,P20098,2026-04-02,Hospital F,Appendectomy,Acute Appendicitis,35,2,79500.0,1,None,0
C1063,P83349,2026-04-03,Hospital E,Knee Replacement,Osteoarthritis,56,3,429600.0,1,None,0
C1064,P41092,2026-04-03,Hospital G,C-Section,Obstructed Labour,30,4,85300.0,1,None,0
C1065,P12039,2026-04-03,Hospital H,Angioplasty,Coronary Artery Disease,61,3,347400.0,2,None,0
C1066,P47168,2026-04-03,Hospital B,Angioplasty,Coronary Artery Disease,57,2,225500.0,3,None,0
C1067,P99683,2026-04-03,Hospital A,Knee Replacement,Osteoarthritis,71,4,292900.0,2,None,0
C1068,P84014,2026-04-03,Hospital C,C-Section,Obstructed Labour,22,4,92400.0,3,None,0
C1069,P85973,2026-04-03,Hospital A,C-Section,Obstructed Labour,23,4,117700.0,1,None,0
C1070,P60540,2026-04-03,Hospital C,Knee Replacement,Osteoarthritis,72,4,327100.0,2,None,0
C1071,P75681,2026-04-03,Hospital F,Angioplasty,Coronary Artery Disease,70,3,293200.0,3,None,0
C1072,P48865,2026-04-04,Hospital G,Angioplasty,Coronary Artery Disease,73,3,240900.0,2,None,0
C1073,P77497,2026-04-04,Hospital B,Knee Replacement,Osteoarthritis,64,4,253200.0,2,None,0
C1074,P70816,2026-04-04,Hospital D,Knee Replacement,Osteoarthritis,64,4,250200.0,3,None,0
C1075,P87116,2026-04-04,Hospital F,Appendectomy,Acute Appendicitis,36,3,74100.0,1,None,0
C1076,P47534,2026-04-04,Hospital F,C-Section,Obstructed Labour,28,3,62100.0,0,None,0
C1077,P84307,2026-04-04,Hospital F,C-Section,Obstructed Labour,23,4,101700.0,1,None,0
C1078,P83338,2026-04-04,Hospital E,C-Section,Obstructed Labour,37,4,141900.0,3,None,0
C1079,P84529,2026-04-04,Hospital D,C-Section,Obstructed Labour,37,3,98500.0,3,Duplicate Claim,1
C1080,P29770,2026-04-04,Hospital C,Knee Replacement,Osteoarthritis,65,3,282300.0,0,None,0
C1081,P14458,2026-04-04,Hospital H,Angioplasty,Coronary Artery Disease,54,3,350000.0,1,None,0
C1082,P34155,2026-04-04,Hospital E,Appendectomy,Acute Appendicitis,33,3,118900.0,2,None,0
C1083,P95814,2026-04-04,Hospital E,Knee Replacement,Osteoarthritis,62,3,361900.0,2,None,0
C1084,P36081,2026-04-04,Hospital G,Cataract Surgery,Cataract,50,1,33600.0,3,None,0
C1085,P76988,2026-04-05,Hospital H,Cataract Surgery,Cataract,60,1,68200.0,3,None,0
C1086,P86188,2026-04-05,Hospital C,Knee Replacement,Osteoarthritis,58,3,283700.0,0,None,0
C1087,P67185,2026-04-05,Hospital F,Appendectomy,Acute Appendicitis,39,2,82600.0,2,None,0
C1088,P95263,2026-04-05,Hospital B,Angioplasty,Coronary Artery Disease,63,3,258000.0,2,None,0
C1089,P10875,2026-04-05,Hospital E,C-Section,Obstructed Labour,37,4,126200.0,0,None,0
C1090,P59903,2026-04-05,Hospital C,C-Section,Obstructed Labour,35,3,111200.0,4,None,0
C1091,P46612,2026-04-05,Hospital C,Knee Replacement,Osteoarthritis,63,3,345700.0,1,None,0
C1092,P66419,2026-04-05,Hospital F,Knee Replacement,Osteoarthritis,56,4,260900.0,3,None,0
C1093,P98138,2026-04-05,Hospital D,Appendectomy,Acute Appendicitis,19,2,66900.0,1,None,0
C1094,P80405,2026-04-05,Hospital C,Angioplasty,Coronary Artery Disease,72,2,182300.0,4,None,0
C1095,P24551,2026-04-05,Hospital A,Appendectomy,Acute Appendicitis,16,3,51800.0,0,None,0
C1096,P56275,2026-04-05,Hospital C,Knee Replacement,Osteoarthritis,60,4,319500.0,0,None,0
C1097,P89287,2026-04-06,Hospital F,Angioplasty,Coronary Artery Disease,70,3,179300.0,1,None,0
C1098,P50415,2026-04-06,Hospital E,C-Section,Obstructed Labour,31,3,94100.0,2,None,0
C1099,P34712,2026-04-06,Hospital D,C-Section,Obstructed Labour,29,4,88800.0,5,None,0
C1100,P37627,2026-04-06,Hospital E,C-Section,Obstructed Labour,29,4,97100.0,0,None,0
C1101,P54082,2026-04-06,Hospital F,Knee Replacement,Osteoarthritis,69,3,335500.0,1,None,0
C1102,P94290,2026-04-06,Hospital B,Knee Replacement,Osteoarthritis,65,3,261800.0,2,None,0
C1103,P49151,2026-04-06,Hospital H,Cataract Surgery,Cataract,50,1,75400.0,1,None,0
C1104,P76281,2026-04-06,Hospital B,C-Section,Obstructed Labour,35,4,64100.0,1,None,0
C1105,P73054,2026-04-06,Hospital C,Appendectomy,Acute Appendicitis,14,2,60200.0,4,None,0
C1106,P19311,2026-04-06,Hospital B,C-Section,Obstructed Labour,27,3,105600.0,1,None,0
C1107,P54276,2026-04-06,Hospital H,Appendectomy,Acute Appendicitis,14,3,75700.0,1,None,0
C1108,P85047,2026-04-06,Hospital G,Cataract Surgery,Cataract,77,0,44800.0,3,None,0
C1109,P36419,2026-04-07,Hospital F,Appendectomy,Acute Appendicitis,27,3,56200.0,1,None,0
C1110,P45544,2026-04-07,Hospital D,C-Section,Obstructed Labour,24,4,113500.0,0,None,0
C1111,P27812,2026-04-07,Hospital B,Angioplasty,Coronary Artery Disease,73,2,175200.0,0,None,0
C1112,P45317,2026-04-07,Hospital G,Angioplasty,Coronary Artery Disease,52,3,263500.0,3,None,0
C1113,P28839,2026-04-07,Hospital E,Angioplasty,Osteoarthritis,54,3,364100.0,4,Diagnosis Mismatch,1
C1114,P51211,2026-04-08,Hospital E,Knee Replacement,Osteoarthritis,67,3,400200.0,2,None,0
C1115,P48882,2026-04-08,Hospital F,C-Section,Obstructed Labour,36,3,72700.0,4,None,0
C1116,P24897,2026-04-08,Hospital F,Cataract Surgery,Cataract,67,0,34500.0,3,None,0
C1117,P37544,2026-04-08,Hospital F,Appendectomy,Acute Appendicitis,38,2,86400.0,2,None,0
C1118,P21267,2026-04-08,Hospital A,Knee Replacement,Osteoarthritis,71,4,257800.0,1,None,0
C1119,P18667,2026-04-08,Hospital G,C-Section,Obstructed Labour,30,4,109700.0,1,None,0
C1120,P22108,2026-04-08,Hospital H,C-Section,Obstructed Labour,31,3,136200.0,0,None,0
C1121,P15101,2026-04-08,Hospital C,Angioplasty,Coronary Artery Disease,57,2,206500.0,2,None,0
C1122,P66268,2026-04-08,Hospital F,Cataract Surgery,Cataract,65,1,55200.0,2,None,0
C1123,P70118,2026-04-08,Hospital A,Cataract Surgery,Cataract,75,1,37700.0,1,None,0
C1124,P64740,2026-04-08,Hospital G,Knee Replacement,Osteoarthritis,57,4,279400.0,2,None,0
C1125,P18389,2026-04-08,Hospital C,Angioplasty,Coronary Artery Disease,69,3,224700.0,1,None,0
C1126,P75033,2026-04-09,Hospital E,Knee Replacement,Osteoarthritis,70,3,792800.0,1,Inflated Billing,1
C1127,P71785,2026-04-09,Hospital B,Knee Replacement,Osteoarthritis,61,4,276600.0,0,None,0
C1128,P32440,2026-04-09,Hospital D,Cataract Surgery,Cataract,62,0,56300.0,2,None,0
C1129,P21772,2026-04-09,Hospital G,Appendectomy,Acute Appendicitis,45,3,70600.0,6,None,0
C1130,P22797,2026-04-09,Hospital E,C-Section,Obstructed Labour,36,4,87000.0,1,None,0
C1131,P55117,2026-04-09,Hospital D,C-Section,Obstructed Labour,33,3,98900.0,1,None,0
C1132,P84523,2026-04-10,Hospital B,C-Section,Obstructed Labour,26,3,101100.0,2,None,0
C1133,P27476,2026-04-10,Hospital B,Cataract Surgery,Cataract,69,0,54800.0,1,None,0
C1134,P98743,2026-04-10,Hospital D,Knee Replacement,Osteoarthritis,62,3,251200.0,4,None,0
C1135,P35272,2026-04-10,Hospital E,Appendectomy,Acute Appendicitis,56,3,105400.0,0,None,0
C1136,P95195,2026-04-10,Hospital E,Cataract Surgery,Cataract,75,0,76100.0,2,None,0
C1137,P32967,2026-04-10,Hospital A,Cataract Surgery,Cataract,53,1,57300.0,4,None,0
C1138,P93335,2026-04-10,Hospital F,Appendectomy,Acute Appendicitis,39,3,80100.0,3,None,0
C1139,P61190,2026-04-10,Hospital H,C-Section,Obstructed Labour,36,4,81800.0,1,None,0
C1140,P51390,2026-04-10,Hospital G,Cataract Surgery,Cataract,62,1,37400.0,5,None,0
C1141,P85258,2026-04-10,Hospital A,C-Section,Obstructed Labour,26,4,107200.0,2,None,0
C1142,P87440,2026-04-10,Hospital B,Knee Replacement,Osteoarthritis,61,4,293900.0,3,None,0
C1143,P67837,2026-04-10,Hospital D,Cataract Surgery,Cataract,53,1,51100.0,5,None,0
C1144,P66593,2026-04-11,Hospital G,Knee Replacement,Osteoarthritis,66,4,258100.0,6,None,0
C1145,P51884,2026-04-11,Hospital B,Knee Replacement,Osteoarthritis,58,3,273600.0,4,None,0
C1146,P94031,2026-04-11,Hospital H,Cataract Surgery,Cataract,64,1,66200.0,2,None,0
C1147,P89047,2026-04-11,Hospital A,Angioplasty,Coronary Artery Disease,69,2,268600.0,2,None,0
C1148,P10636,2026-04-11,Hospital B,C-Section,Obstructed Labour,22,3,85000.0,1,None,0
C1149,P51813,2026-04-11,Hospital G,C-Section,Obstructed Labour,32,3,105100.0,1,None,0
C1150,P65313,2026-04-11,Hospital C,C-Section,Obstructed Labour,25,3,81100.0,4,None,0
C1151,P95163,2026-04-11,Hospital F,Angioplasty,Coronary Artery Disease,60,3,298200.0,0,None,0
C1152,P97362,2026-04-11,Hospital F,Angioplasty,Coronary Artery Disease,62,3,152200.0,2,None,0
C1153,P23119,2026-04-11,Hospital E,Knee Replacement,Osteoarthritis,67,3,380300.0,2,None,0
C1154,P39890,2026-04-11,Hospital F,Appendectomy,Acute Appendicitis,39,3,76900.0,1,None,0
C1155,P97322,2026-04-11,Hospital D,Knee Replacement,Osteoarthritis,73,3,289900.0,4,None,0
C1156,P62470,2026-04-11,Hospital E,C-Section,Obstructed Labour,30,3,152200.0,2,None,0
C1157,P68662,2026-04-11,Hospital H,Angioplasty,Coronary Artery Disease,74,2,222000.0,2,None,0
C1158,P12687,2026-04-12,Hospital A,C-Section,Obstructed Labour,25,4,115200.0,3,None,0
C1159,P59029,2026-04-12,Hospital G,Knee Replacement,Osteoarthritis,59,3,287600.0,0,None,0
C1160,P74705,2026-04-12,Hospital B,Angioplasty,Coronary Artery Disease,69,2,159600.0,2,None,0
C1161,P96025,2026-04-12,Hospital B,Knee Replacement,Osteoarthritis,72,3,259200.0,3,None,0
C1162,P79561,2026-04-12,Hospital E,Appendectomy,Acute Appendicitis,46,3,88200.0,1,None,0
C1163,P14660,2026-04-12,Hospital C,Angioplasty,Obstructed Labour,57,3,228400.0,1,Diagnosis Mismatch,1
C1164,P73026,2026-04-12,Hospital A,C-Section,Obstructed Labour,25,3,104200.0,2,None,0
C1165,P99598,2026-04-12,Hospital F,Knee Replacement,Osteoarthritis,56,3,315500.0,4,None,0
C1166,P66936,2026-04-12,Hospital B,C-Section,Obstructed Labour,27,3,63400.0,1,None,0
C1167,P38799,2026-04-12,Hospital B,Appendectomy,Acute Appendicitis,15,3,82700.0,2,None,0
C1168,P78437,2026-04-12,Hospital E,Knee Replacement,Osteoarthritis,64,4,442400.0,2,None,0
C1169,P27773,2026-04-12,Hospital A,Appendectomy,Acute Appendicitis,26,2,69800.0,5,None,0
C1170,P46810,2026-04-12,Hospital E,Cataract Surgery,Cataract,55,0,42200.0,4,None,0
C1171,P86444,2026-04-13,Hospital C,Angioplasty,Coronary Artery Disease,73,3,215700.0,2,None,0
C1172,P97269,2026-04-13,Hospital B,C-Section,Obstructed Labour,24,3,72700.0,2,None,0
C1173,P91855,2026-04-13,Hospital C,Cataract Surgery,Cataract,51,0,45700.0,3,None,0
C1174,P86085,2026-04-13,Hospital E,Knee Replacement,Osteoarthritis,64,3,387500.0,5,None,0
C1175,P77210,2026-04-13,Hospital D,Appendectomy,Osteoarthritis,47,2,53800.0,2,Diagnosis Mismatch,1
C1176,P32680,2026-04-13,Hospital E,Appendectomy,Acute Appendicitis,29,2,67200.0,3,None,0
C1177,P42852,2026-04-13,Hospital H,Cataract Surgery,Coronary Artery Disease,72,0,56100.0,0,Diagnosis Mismatch,1
C1178,P65034,2026-04-13,Hospital B,C-Section,Obstructed Labour,27,3,67500.0,1,None,0
C1179,P80257,2026-04-13,Hospital A,Angioplasty,Coronary Artery Disease,52,3,259700.0,2,None,0
C1180,P13917,2026-04-14,Hospital E,C-Section,Obstructed Labour,31,3,128200.0,1,None,0
C1181,P23868,2026-04-14,Hospital B,Angioplasty,Coronary Artery Disease,74,3,294300.0,2,None,0
C1182,P29683,2026-04-14,Hospital G,Knee Replacement,Osteoarthritis,71,3,347600.0,3,None,0
C1183,P18613,2026-04-14,Hospital F,Appendectomy,Acute Appendicitis,53,3,60000.0,1,None,0
C1184,P19526,2026-04-14,Hospital C,C-Section,Obstructed Labour,36,3,67400.0,2,None,0
C1185,P56450,2026-04-14,Hospital B,Angioplasty,Coronary Artery Disease,52,3,240000.0,2,None,0
C1186,P40400,2026-04-14,Hospital A,Angioplasty,Coronary Artery Disease,65,3,185100.0,3,None,0
C1187,P41692,2026-04-14,Hospital G,Appendectomy,Acute Appendicitis,18,2,56500.0,1,None,0
C1188,P42579,2026-04-14,Hospital G,Cataract Surgery,Cataract,70,0,30900.0,1,None,0
C1189,P73597,2026-04-15,Hospital A,Cataract Surgery,Cataract,70,0,57200.0,3,None,0
C1190,P46822,2026-04-15,Hospital E,Appendectomy,Acute Appendicitis,32,3,107900.0,2,None,0
C1191,P13511,2026-04-15,Hospital B,Appendectomy,Acute Appendicitis,29,2,88300.0,3,None,0
C1192,P14435,2026-04-15,Hospital C,C-Section,Obstructed Labour,24,3,91600.0,2,None,0
C1193,P63830,2026-04-15,Hospital D,Angioplasty,Coronary Artery Disease,58,2,216900.0,3,None,0
C1194,P21812,2026-04-15,Hospital B,Knee Replacement,Osteoarthritis,64,3,321900.0,1,None,0
C1195,P52711,2026-04-15,Hospital A,Knee Replacement,Osteoarthritis,66,4,267700.0,4,None,0
C1196,P90728,2026-04-15,Hospital H,Cataract Surgery,Cataract,60,1,58100.0,3,None,0
C1197,P29945,2026-04-16,Hospital A,Knee Replacement,Osteoarthritis,66,3,281600.0,2,None,0
C1198,P83180,2026-04-16,Hospital A,Appendectomy,Acute Appendicitis,15,3,75500.0,3,None,0
C1199,P58761,2026-04-16,Hospital D,Appendectomy,Acute Appendicitis,22,2,72400.0,2,None,0
C1200,P18130,2026-04-16,Hospital A,Cataract Surgery,Cataract,69,0,55300.0,5,None,0
C1201,P61733,2026-04-16,Hospital E,C-Section,Obstructed Labour,33,4,138000.0,2,None,0
C1202,P59731,2026-04-16,Hospital E,Angioplasty,Coronary Artery Disease,51,3,262100.0,2,None,0
C1203,P22715,2026-04-16,Hospital E,Appendectomy,Acute Appendicitis,31,2,92000.0,4,None,0
C1204,P96373,2026-04-16,Hospital D,Cataract Surgery,Cataract,77,1,59400.0,5,None,0
C1205,P72213,2026-04-16,Hospital D,C-Section,Obstructed Labour,35,3,119100.0,3,None,0
C1206,P47321,2026-04-16,Hospital B,C-Section,Obstructed Labour,29,3,99200.0,8,None,0
C1207,P15457,2026-04-17,Hospital H,Appendectomy,Acute Appendicitis,40,2,81700.0,3,None,0
C1208,P22065,2026-04-17,Hospital C,Angioplasty,Coronary Artery Disease,58,3,245700.0,0,None,0
C1209,P97406,2026-04-17,Hospital A,Knee Replacement,Osteoarthritis,60,3,294800.0,2,None,0
C1210,P23152,2026-04-17,Hospital H,Angioplasty,Coronary Artery Disease,55,3,588200.0,1,Inflated Billing,1
C1211,P52711,2026-04-17,Hospital A,Knee Replacement,Osteoarthritis,66,4,267700.0,4,Duplicate Claim,1
C1212,P24372,2026-04-17,Hospital E,Knee Replacement,Osteoarthritis,57,3,439800.0,1,None,0
C1213,P15260,2026-04-17,Hospital H,C-Section,Obstructed Labour,23,4,165800.0,1,None,0
C1214,P38252,2026-04-17,Hospital E,C-Section,Obstructed Labour,27,4,80000.0,2,None,0
C1215,P10495,2026-04-17,Hospital E,Knee Replacement,Osteoarthritis,66,4,359100.0,2,None,0
C1216,P96951,2026-04-17,Hospital G,Knee Replacement,Osteoarthritis,69,4,253000.0,2,None,0
C1217,P55738,2026-04-17,Hospital D,Appendectomy,Acute Appendicitis,14,3,66300.0,0,None,0
C1218,P20680,2026-04-18,Hospital C,C-Section,Obstructed Labour,28,0,99800.0,2,Abnormal Length of Stay,1
C1219,P33645,2026-04-18,Hospital A,Knee Replacement,Osteoarthritis,60,3,258000.0,1,None,0
C1220,P82475,2026-04-18,Hospital G,C-Section,Obstructed Labour,28,4,118300.0,1,None,0
C1221,P65113,2026-04-18,Hospital G,C-Section,Obstructed Labour,34,3,85500.0,3,None,0
C1222,P75022,2026-04-18,Hospital F,Appendectomy,Acute Appendicitis,40,3,66100.0,3,None,0
C1223,P11974,2026-04-18,Hospital D,C-Section,Obstructed Labour,23,4,91900.0,2,None,0
C1224,P43320,2026-04-18,Hospital D,Appendectomy,Acute Appendicitis,29,2,84700.0,3,None,0
C1225,P46373,2026-04-18,Hospital A,Appendectomy,Acute Appendicitis,59,2,50800.0,4,None,0
C1226,P80598,2026-04-18,Hospital H,Knee Replacement,Osteoarthritis,59,3,415800.0,2,None,0
C1227,P80396,2026-04-18,Hospital A,Cataract Surgery,Cataract,62,7,46200.0,0,Abnormal Length of Stay,1
C1228,P73864,2026-04-19,Hospital C,Cataract Surgery,Cataract,60,1,35300.0,1,None,0
C1229,P45479,2026-04-19,Hospital F,Cataract Surgery,Cataract,72,1,41000.0,4,None,0
C1230,P23192,2026-04-19,Hospital E,Angioplasty,Coronary Artery Disease,61,3,245800.0,2,None,0
C1231,P24104,2026-04-19,Hospital B,Appendectomy,Acute Appendicitis,58,3,71300.0,0,None,0
C1232,P18873,2026-04-19,Hospital B,Angioplasty,Coronary Artery Disease,62,3,222900.0,2,None,0
C1233,P99813,2026-04-19,Hospital B,Knee Replacement,Osteoarthritis,67,4,348200.0,1,None,0
C1234,P46074,2026-04-19,Hospital D,Angioplasty,Coronary Artery Disease,57,3,257000.0,3,None,0
C1235,P22936,2026-04-19,Hospital B,Appendectomy,Acute Appendicitis,19,2,89600.0,1,None,0
C1236,P56665,2026-04-19,Hospital B,Angioplasty,Coronary Artery Disease,51,3,266300.0,2,None,0
C1237,P43663,2026-04-20,Hospital F,Cataract Surgery,Cataract,69,0,50200.0,0,None,0
C1238,P46111,2026-04-20,Hospital D,Knee Replacement,Osteoarthritis,65,4,314100.0,1,None,0
C1239,P20666,2026-04-20,Hospital A,C-Section,Obstructed Labour,32,4,87800.0,5,None,0
C1240,P21468,2026-04-20,Hospital E,Appendectomy,Acute Appendicitis,47,3,105700.0,1,None,0
C1241,P57541,2026-04-20,Hospital H,Cataract Surgery,Cataract,52,1,50100.0,3,None,0
C1242,P12570,2026-04-20,Hospital D,Appendectomy,Acute Appendicitis,51,3,74700.0,4,None,0
C1243,P90788,2026-04-20,Hospital H,Appendectomy,Acute Appendicitis,56,3,97300.0,3,None,0
C1244,P92066,2026-04-20,Hospital B,Angioplasty,Coronary Artery Disease,55,3,292100.0,2,None,0
C1245,P51544,2026-04-20,Hospital A,Cataract Surgery,Cataract,73,1,34700.0,1,None,0
C1246,P58003,2026-04-20,Hospital H,C-Section,Obstructed Labour,33,4,105600.0,3,None,0
C1247,P68199,2026-04-20,Hospital H,Knee Replacement,Osteoarthritis,68,4,361800.0,1,None,0
C1248,P16154,2026-04-21,Hospital G,Appendectomy,Acute Appendicitis,43,2,79300.0,0,None,0
C1249,P67018,2026-04-21,Hospital C,Cataract Surgery,Cataract,55,1,40100.0,2,None,0
C1250,P30766,2026-04-21,Hospital D,C-Section,Obstructed Labour,34,4,74700.0,5,None,0
C1251,P79662,2026-04-21,Hospital E,Angioplasty,Coronary Artery Disease,65,2,338800.0,2,None,0
C1252,P30847,2026-04-21,Hospital B,Angioplasty,Coronary Artery Disease,53,3,170200.0,1,None,0
C1253,P17158,2026-04-21,Hospital D,C-Section,Obstructed Labour,33,4,108900.0,3,None,0
C1254,P33757,2026-04-21,Hospital E,Cataract Surgery,Cataract,67,0,55200.0,0,None,0
C1255,P33897,2026-04-21,Hospital F,Appendectomy,Acute Appendicitis,15,3,62200.0,3,None,0
C1256,P12327,2026-04-21,Hospital A,Appendectomy,Acute Appendicitis,13,2,73500.0,2,None,0
C1257,P60036,2026-04-21,Hospital C,Appendectomy,Acute Appendicitis,14,3,60700.0,4,None,0
C1258,P13620,2026-04-21,Hospital D,Appendectomy,Acute Appendicitis,56,3,90000.0,1,None,0
C1259,P92478,2026-04-21,Hospital D,C-Section,Obstructed Labour,35,3,101200.0,0,None,0
C1260,P95036,2026-04-21,Hospital A,Knee Replacement,Osteoarthritis,65,4,325800.0,3,None,0
C1261,P66781,2026-04-21,Hospital F,Cataract Surgery,Cataract,51,1,53200.0,3,None,0
C1262,P20274,2026-04-21,Hospital C,Angioplasty,Coronary Artery Disease,57,2,208800.0,0,None,0
C1263,P47129,2026-04-21,Hospital H,C-Section,Obstructed Labour,32,4,121800.0,2,None,0
C1264,P21151,2026-04-22,Hospital D,Knee Replacement,Osteoarthritis,66,3,335200.0,3,None,0
C1265,P73861,2026-04-22,Hospital A,Appendectomy,Acute Appendicitis,34,2,85400.0,0,None,0
C1266,P68281,2026-04-22,Hospital A,C-Section,Obstructed Labour,33,3,111500.0,2,None,0
C1267,P80310,2026-04-22,Hospital E,Angioplasty,Coronary Artery Disease,55,3,263800.0,3,None,0
C1268,P41373,2026-04-22,Hospital F,C-Section,Obstructed Labour,30,3,92400.0,1,None,0
C1269,P51996,2026-04-22,Hospital F,Appendectomy,Acute Appendicitis,27,2,62300.0,1,None,0
C1270,P72101,2026-04-22,Hospital F,Angioplasty,Coronary Artery Disease,61,2,171000.0,2,None,0
C1271,P19779,2026-04-22,Hospital C,Appendectomy,Acute Appendicitis,48,2,76100.0,1,None,0
C1272,P31732,2026-04-22,Hospital E,Angioplasty,Coronary Artery Disease,67,3,273900.0,5,None,0
C1273,P11792,2026-04-22,Hospital F,Knee Replacement,Osteoarthritis,65,4,274900.0,2,None,0
C1274,P16411,2026-04-23,Hospital F,Knee Replacement,Osteoarthritis,61,4,284000.0,2,None,0
C1275,P48755,2026-04-23,Hospital F,Angioplasty,Coronary Artery Disease,64,2,297900.0,2,None,0
C1276,P81067,2026-04-23,Hospital B,Cataract Surgery,Cataract,56,0,33600.0,0,None,0
C1277,P12179,2026-04-23,Hospital B,Knee Replacement,Osteoarthritis,70,4,349400.0,1,None,0
C1278,P72414,2026-04-23,Hospital A,Knee Replacement,Osteoarthritis,59,3,337300.0,0,None,0
C1279,P35918,2026-04-23,Hospital B,Angioplasty,Coronary Artery Disease,60,3,284800.0,2,None,0
C1280,P37628,2026-04-23,Hospital H,C-Section,Obstructed Labour,29,4,88500.0,2,None,0
C1281,P15629,2026-04-23,Hospital B,Cataract Surgery,Cataract,54,1,57500.0,4,None,0
C1282,P98806,2026-04-23,Hospital B,Cataract Surgery,Cataract,73,1,42400.0,2,None,0
C1283,P55844,2026-04-23,Hospital H,Angioplasty,Coronary Artery Disease,51,2,291600.0,0,None,0
C1284,P58752,2026-04-23,Hospital D,Angioplasty,Coronary Artery Disease,56,3,185600.0,2,None,0
C1285,P54194,2026-04-23,Hospital H,Knee Replacement,Osteoarthritis,74,4,396900.0,1,None,0
C1286,P40111,2026-04-24,Hospital A,C-Section,Obstructed Labour,28,4,75600.0,4,None,0
C1287,P16165,2026-04-24,Hospital E,C-Section,Obstructed Labour,37,4,82600.0,1,None,0
C1288,P95204,2026-04-24,Hospital F,Appendectomy,Acute Appendicitis,28,3,63300.0,2,None,0
C1289,P31965,2026-04-24,Hospital A,Knee Replacement,Osteoarthritis,56,3,338300.0,1,None,0
C1290,P10972,2026-04-24,Hospital A,Appendectomy,Acute Appendicitis,16,2,76100.0,2,None,0
C1291,P38111,2026-04-24,Hospital B,Knee Replacement,Osteoarthritis,67,4,340500.0,4,None,0
C1292,P22303,2026-04-24,Hospital A,Angioplasty,Coronary Artery Disease,65,2,245800.0,0,None,0
C1293,P62537,2026-04-24,Hospital D,Appendectomy,Acute Appendicitis,51,3,175000.0,0,Inflated Billing,1
C1294,P73958,2026-04-24,Hospital B,C-Section,Obstructed Labour,28,3,65600.0,1,None,0
C1295,P80625,2026-04-24,Hospital D,Appendectomy,Acute Appendicitis,41,2,54500.0,1,None,0
C1296,P87729,2026-04-24,Hospital B,Angioplasty,Coronary Artery Disease,64,2,184600.0,1,None,0
C1297,P35955,2026-04-24,Hospital E,Knee Replacement,Osteoarthritis,60,4,402300.0,4,None,0
C1298,P28147,2026-04-24,Hospital E,Cataract Surgery,Cataract,61,0,47200.0,2,None,0
C1299,P45440,2026-04-24,Hospital H,C-Section,Obstructed Labour,34,3,145700.0,1,None,0
C1300,P69088,2026-04-24,Hospital H,Angioplasty,Coronary Artery Disease,62,3,350600.0,3,None,0
C1301,P79392,2026-04-24,Hospital H,Cataract Surgery,Acute Appendicitis,72,0,51600.0,3,Diagnosis Mismatch,1
C1302,P78634,2026-04-25,Hospital A,Knee Replacement,Osteoarthritis,73,3,302800.0,2,None,0
C1303,P87273,2026-04-25,Hospital B,Knee Replacement,Osteoarthritis,69,3,316600.0,3,None,0
C1304,P13011,2026-04-25,Hospital B,C-Section,Obstructed Labour,24,4,65400.0,3,None,0
C1305,P40111,2026-04-25,Hospital A,C-Section,Obstructed Labour,28,4,75600.0,4,Duplicate Claim,1
C1306,P45578,2026-04-25,Hospital C,Angioplasty,Coronary Artery Disease,74,3,254800.0,2,None,0
C1307,P11092,2026-04-25,Hospital H,Cataract Surgery,Cataract,62,0,63100.0,3,None,0
C1308,P69333,2026-04-25,Hospital B,Appendectomy,Acute Appendicitis,15,2,74600.0,5,None,0
C1309,P63915,2026-04-25,Hospital F,Appendectomy,Acute Appendicitis,29,3,186900.0,4,Inflated Billing,1
C1310,P26004,2026-04-25,Hospital H,Appendectomy,Acute Appendicitis,34,2,112600.0,0,None,0
C1311,P25272,2026-04-25,Hospital A,C-Section,Obstructed Labour,25,3,95400.0,2,None,0
C1312,P45559,2026-04-25,Hospital B,Cataract Surgery,Cataract,53,0,58600.0,2,None,0
C1313,P94408,2026-04-25,Hospital E,C-Section,Obstructed Labour,22,4,88100.0,0,None,0
C1314,P21439,2026-04-25,Hospital A,Cataract Surgery,Cataract,59,0,39200.0,5,None,0
C1315,P27983,2026-04-26,Hospital F,Angioplasty,Coronary Artery Disease,61,3,152600.0,1,None,0
C1316,P90611,2026-04-26,Hospital D,Knee Replacement,Osteoarthritis,62,4,315400.0,2,None,0
C1317,P55709,2026-04-26,Hospital H,Appendectomy,Acute Appendicitis,18,3,112000.0,1,None,0
C1318,P85212,2026-04-26,Hospital A,Cataract Surgery,Cataract,72,1,52200.0,4,None,0
C1319,P23430,2026-04-26,Hospital A,C-Section,Obstructed Labour,26,3,115900.0,3,None,0
C1320,P51600,2026-04-26,Hospital A,C-Section,Obstructed Labour,26,3,91300.0,1,None,0
C1321,P43998,2026-04-26,Hospital C,Cataract Surgery,Cataract,56,0,58100.0,5,None,0
C1322,P69284,2026-04-26,Hospital G,Appendectomy,Acute Appendicitis,43,3,76400.0,2,None,0
C1323,P75785,2026-04-26,Hospital A,C-Section,Obstructed Labour,25,3,113900.0,3,None,0
C1324,P31301,2026-04-27,Hospital E,Appendectomy,Acute Appendicitis,57,2,111100.0,1,None,0
C1325,P49244,2026-04-27,Hospital D,Knee Replacement,Osteoarthritis,58,0,348200.0,3,Abnormal Length of Stay,1
C1326,P19582,2026-04-27,Hospital A,C-Section,Obstructed Labour,26,4,97400.0,2,None,0
C1327,P50548,2026-04-27,Hospital G,C-Section,Obstructed Labour,37,4,78300.0,0,None,0
C1328,P69960,2026-04-27,Hospital G,C-Section,Obstructed Labour,34,0,92900.0,4,Abnormal Length of Stay,1
C1329,P18640,2026-04-27,Hospital F,Knee Replacement,Osteoarthritis,71,3,298700.0,3,None,0
C1330,P79574,2026-04-27,Hospital E,Angioplasty,Coronary Artery Disease,66,2,298200.0,2,None,0
C1331,P34855,2026-04-27,Hospital A,C-Section,Obstructed Labour,34,4,101100.0,2,None,0
C1332,P62680,2026-04-27,Hospital F,Cataract Surgery,Cataract,55,0,33100.0,2,None,0
C1333,P66276,2026-04-27,Hospital D,Knee Replacement,Osteoarthritis,62,4,336900.0,1,None,0
C1334,P54003,2026-04-27,Hospital F,C-Section,Obstructed Labour,23,4,60400.0,0,None,0
C1335,P70611,2026-04-27,Hospital E,Appendectomy,Acute Appendicitis,29,3,77100.0,3,None,0
C1336,P19797,2026-04-27,Hospital A,Knee Replacement,Osteoarthritis,55,4,718400.0,2,Inflated Billing,1
C1337,P10698,2026-04-28,Hospital D,C-Section,Obstructed Labour,32,3,82400.0,2,None,0
C1338,P93310,2026-04-28,Hospital A,C-Section,Obstructed Labour,31,3,109500.0,1,None,0
C1339,P21772,2026-04-28,Hospital H,Knee Replacement,Osteoarthritis,64,3,371100.0,1,None,0
C1340,P32930,2026-04-28,Hospital A,C-Section,Obstructed Labour,31,4,77000.0,3,None,0
C1341,P58585,2026-04-28,Hospital D,C-Section,Obstructed Labour,25,3,101700.0,1,None,0
C1342,P37184,2026-04-28,Hospital E,Appendectomy,Acute Appendicitis,55,2,69900.0,3,None,0
C1343,P99313,2026-04-28,Hospital D,Cataract Surgery,Cataract,63,0,34800.0,3,None,0
C1344,P21795,2026-04-28,Hospital A,Cataract Surgery,Cataract,74,1,52200.0,2,None,0
C1345,P57397,2026-04-28,Hospital F,Angioplasty,Coronary Artery Disease,68,2,152700.0,2,None,0
C1346,P39880,2026-04-28,Hospital F,Appendectomy,Acute Appendicitis,27,2,71600.0,5,None,0
C1347,P40788,2026-04-29,Hospital H,Knee Replacement,Osteoarthritis,67,3,386800.0,1,None,0
C1348,P80185,2026-04-29,Hospital B,Appendectomy,Acute Appendicitis,43,3,76500.0,2,None,0
C1349,P17608,2026-04-29,Hospital B,Cataract Surgery,Cataract,58,1,36400.0,0,None,0
C1350,P45970,2026-04-29,Hospital A,Appendectomy,Acute Appendicitis,36,2,249100.0,0,Inflated Billing,1
C1351,P47138,2026-04-29,Hospital F,Cataract Surgery,Cataract,69,0,47600.0,2,None,0
C1352,P13237,2026-04-29,Hospital C,Appendectomy,Acute Appendicitis,16,2,67600.0,5,None,0
C1353,P39010,2026-04-29,Hospital B,Knee Replacement,Osteoarthritis,63,4,282900.0,2,None,0
C1354,P67459,2026-04-29,Hospital F,Appendectomy,Acute Appendicitis,14,2,70700.0,1,None,0
C1355,P39688,2026-04-29,Hospital A,Angioplasty,Coronary Artery Disease,71,2,254700.0,2,None,0
C1356,P63813,2026-04-29,Hospital B,Angioplasty,Coronary Artery Disease,73,3,167700.0,3,None,0
C1357,P53232,2026-04-29,Hospital D,Angioplasty,Coronary Artery Disease,72,3,266600.0,0,None,0
C1358,P38751,2026-04-29,Hospital E,Appendectomy,Acute Appendicitis,39,2,96900.0,1,None,0
C1359,P37985,2026-04-29,Hospital E,C-Section,Obstructed Labour,26,4,110300.0,0,None,0
C1360,P48510,2026-04-29,Hospital G,Knee Replacement,Osteoarthritis,65,3,258600.0,2,None,0
C1361,P41873,2026-04-29,Hospital B,Appendectomy,Acute Appendicitis,26,3,74100.0,0,None,0
C1362,P87273,2026-04-29,Hospital B,Knee Replacement,Osteoarthritis,69,3,316600.0,3,Duplicate Claim,1
C1363,P85195,2026-04-29,Hospital C,Knee Replacement,Osteoarthritis,56,3,268600.0,3,None,0
C1364,P10435,2026-04-29,Hospital G,Cataract Surgery,Cataract,64,1,57700.0,2,None,0
C1365,P99341,2026-04-29,Hospital A,Knee Replacement,Osteoarthritis,59,4,266800.0,1,None,0
C1366,P68430,2026-04-30,Hospital E,Cataract Surgery,Cataract,57,0,63400.0,1,None,0
C1367,P65215,2026-04-30,Hospital A,Appendectomy,Acute Appendicitis,34,3,90000.0,3,None,0
C1368,P42011,2026-04-30,Hospital F,Knee Replacement,Osteoarthritis,71,3,257300.0,2,None,0
C1369,P91654,2026-04-30,Hospital E,Appendectomy,Obstructed Labour,15,3,96100.0,0,Diagnosis Mismatch,1
C1370,P50539,2026-04-30,Hospital F,C-Section,Obstructed Labour,26,4,92600.0,0,None,0
C1371,P18350,2026-04-30,Hospital H,C-Section,Obstructed Labour,22,4,154000.0,0,None,0
C1372,P42630,2026-04-30,Hospital F,C-Section,Obstructed Labour,31,4,112500.0,4,None,0
C1373,P24885,2026-04-30,Hospital F,Angioplasty,Coronary Artery Disease,70,10,210700.0,1,Abnormal Length of Stay,1
C1374,P95937,2026-04-30,Hospital B,Knee Replacement,Osteoarthritis,73,4,298300.0,4,None,0
C1375,P68629,2026-04-30,Hospital E,C-Section,Obstructed Labour,33,4,82300.0,1,None,0
C1376,P24419,2026-04-30,Hospital E,Knee Replacement,Osteoarthritis,69,4,378600.0,5,None,0
C1377,P66103,2026-04-30,Hospital G,Knee Replacement,Osteoarthritis,67,3,295200.0,2,None,0
C1378,P44059,2026-05-01,Hospital G,Appendectomy,Acute Appendicitis,17,2,61400.0,3,None,0
C1379,P23856,2026-05-01,Hospital C,Angioplasty,Coronary Artery Disease,68,3,178700.0,1,None,0
C1380,P83065,2026-05-01,Hospital G,C-Section,Obstructed Labour,31,4,77300.0,3,None,0
C1381,P62294,2026-05-01,Hospital G,C-Section,Obstructed Labour,37,3,115500.0,1,None,0
C1382,P80668,2026-05-01,Hospital A,C-Section,Obstructed Labour,29,4,79400.0,2,None,0
C1383,P13175,2026-05-01,Hospital D,Cataract Surgery,Cataract,75,0,45600.0,2,None,0
C1384,P79757,2026-05-01,Hospital H,Knee Replacement,Osteoarthritis,70,4,380600.0,2,None,0
C1385,P89398,2026-05-01,Hospital E,Cataract Surgery,Cataract,63,1,36400.0,5,None,0
C1386,P91346,2026-05-01,Hospital H,Knee Replacement,Osteoarthritis,71,4,389500.0,0,None,0
C1387,P78824,2026-05-01,Hospital E,Angioplasty,Coronary Artery Disease,66,3,286600.0,5,None,0
C1388,P25026,2026-05-01,Hospital G,C-Section,Obstructed Labour,37,4,93700.0,0,None,0
C1389,P52016,2026-05-01,Hospital D,Knee Replacement,Osteoarthritis,70,4,262200.0,3,None,0
C1390,P55630,2026-05-01,Hospital E,C-Section,Obstructed Labour,28,3,158300.0,4,None,0
C1391,P21929,2026-05-02,Hospital C,C-Section,Obstructed Labour,22,3,69900.0,1,None,0
C1392,P51060,2026-05-02,Hospital C,Angioplasty,Coronary Artery Disease,69,3,184800.0,2,None,0
C1393,P72836,2026-05-02,Hospital F,Knee Replacement,Osteoarthritis,72,3,256100.0,1,None,0
C1394,P90963,2026-05-02,Hospital A,Cataract Surgery,Cataract,52,1,32200.0,3,None,0
C1395,P26011,2026-05-02,Hospital A,Knee Replacement,Osteoarthritis,70,4,303300.0,0,None,0
C1396,P75549,2026-05-02,Hospital E,Angioplasty,Coronary Artery Disease,56,2,390200.0,5,None,0
C1397,P72655,2026-05-02,Hospital B,Cataract Surgery,Cataract,57,1,49100.0,4,None,0
C1398,P18464,2026-05-02,Hospital E,Angioplasty,Coronary Artery Disease,52,3,364600.0,1,None,0
C1399,P85128,2026-05-02,Hospital G,Angioplasty,Coronary Artery Disease,61,3,280600.0,2,None,0
C1400,P48647,2026-05-02,Hospital E,Knee Replacement,Osteoarthritis,59,4,367900.0,2,None,0
C1401,P26160,2026-05-02,Hospital B,Cataract Surgery,Cataract,69,1,95000.0,4,Inflated Billing,1
C1402,P78824,2026-05-02,Hospital E,Angioplasty,Coronary Artery Disease,66,3,286600.0,5,Duplicate Claim,1
C1403,P63956,2026-05-02,Hospital A,Appendectomy,Acute Appendicitis,59,2,85600.0,2,None,0
C1404,P89475,2026-05-02,Hospital D,Cataract Surgery,Cataract,68,0,44900.0,1,None,0
C1405,P46811,2026-05-03,Hospital H,Cataract Surgery,Cataract,66,1,73900.0,3,None,0
C1406,P81175,2026-05-03,Hospital F,Knee Replacement,Osteoarthritis,61,0,283200.0,1,Abnormal Length of Stay,1
C1407,P14761,2026-05-03,Hospital F,Knee Replacement,Osteoarthritis,66,3,294600.0,4,None,0
C1408,P83115,2026-05-03,Hospital C,C-Section,Obstructed Labour,26,4,92900.0,0,None,0
C1409,P77397,2026-05-03,Hospital G,C-Section,Obstructed Labour,36,3,91700.0,1,None,0
C1410,P37162,2026-05-03,Hospital E,Angioplasty,Coronary Artery Disease,50,3,198600.0,2,None,0
C1411,P98613,2026-05-03,Hospital A,Knee Replacement,Osteoarthritis,56,4,274600.0,2,None,0
C1412,P65183,2026-05-03,Hospital A,Cataract Surgery,Cataract,51,1,48500.0,1,None,0
C1413,P51474,2026-05-03,Hospital E,Angioplasty,Coronary Artery Disease,59,3,356800.0,2,None,0
C1414,P52753,2026-05-03,Hospital D,C-Section,Obstructed Labour,23,3,104800.0,2,None,0
C1415,P14968,2026-05-03,Hospital H,Angioplasty,Coronary Artery Disease,61,3,304700.0,1,None,0
C1416,P59057,2026-05-03,Hospital C,Knee Replacement,Osteoarthritis,74,4,319500.0,1,None,0
C1417,P26952,2026-05-03,Hospital F,Appendectomy,Acute Appendicitis,19,2,80900.0,2,None,0
C1418,P29268,2026-05-04,Hospital C,C-Section,Obstructed Labour,24,3,64600.0,0,None,0
C1419,P73156,2026-05-04,Hospital F,Knee Replacement,Osteoarthritis,68,3,304100.0,2,None,0
C1420,P35216,2026-05-04,Hospital E,Appendectomy,Acute Appendicitis,27,3,80600.0,2,None,0
C1421,P72972,2026-05-04,Hospital C,Knee Replacement,Osteoarthritis,64,4,340900.0,4,None,0
C1422,P48534,2026-05-04,Hospital F,Cataract Surgery,Cataract,77,1,53500.0,3,None,0
C1423,P47669,2026-05-04,Hospital F,C-Section,Obstructed Labour,29,4,75600.0,2,None,0
C1424,P60215,2026-05-04,Hospital A,Angioplasty,Coronary Artery Disease,58,0,282900.0,1,Abnormal Length of Stay,1
C1425,P66459,2026-05-04,Hospital C,Angioplasty,Coronary Artery Disease,63,2,209000.0,7,None,0
C1426,P89535,2026-05-04,Hospital C,C-Section,Obstructed Labour,33,4,85700.0,0,None,0
C1427,P65720,2026-05-04,Hospital D,Cataract Surgery,Cataract,65,0,55600.0,4,None,0
C1428,P57935,2026-05-04,Hospital E,Appendectomy,Acute Appendicitis,54,2,99200.0,2,None,0
C1429,P19061,2026-05-04,Hospital D,C-Section,Obstructed Labour,22,4,113500.0,4,None,0
C1430,P97291,2026-05-05,Hospital A,Appendectomy,Acute Appendicitis,28,2,84500.0,2,None,0
C1431,P83884,2026-05-05,Hospital F,Angioplasty,Coronary Artery Disease,57,2,281400.0,4,None,0
C1432,P61738,2026-05-05,Hospital G,C-Section,Obstructed Labour,30,4,75000.0,2,None,0
C1433,P45516,2026-05-05,Hospital D,Angioplasty,Coronary Artery Disease,69,2,229500.0,2,None,0
C1434,P85032,2026-05-05,Hospital G,C-Section,Obstructed Labour,35,4,90900.0,2,None,0
C1435,P13220,2026-05-05,Hospital F,Knee Replacement,Osteoarthritis,62,4,255900.0,1,None,0
C1436,P25571,2026-05-06,Hospital A,Appendectomy,Acute Appendicitis,40,2,62100.0,0,None,0
C1437,P15384,2026-05-06,Hospital E,Angioplasty,Coronary Artery Disease,60,2,369800.0,4,None,0
C1438,P87682,2026-05-06,Hospital D,Appendectomy,Acute Appendicitis,37,2,55300.0,0,None,0
C1439,P26839,2026-05-06,Hospital C,Knee Replacement,Osteoarthritis,65,3,304000.0,1,None,0
C1440,P74291,2026-05-06,Hospital A,Appendectomy,Acute Appendicitis,48,3,70200.0,1,None,0
C1441,P77428,2026-05-06,Hospital F,Knee Replacement,Osteoarthritis,69,3,300000.0,0,None,0
C1442,P98112,2026-05-06,Hospital F,C-Section,Obstructed Labour,30,3,62200.0,1,None,0
C1443,P98851,2026-05-06,Hospital C,C-Section,Obstructed Labour,37,3,81100.0,3,None,0
C1444,P39227,2026-05-06,Hospital G,Angioplasty,Coronary Artery Disease,52,3,162800.0,2,None,0
C1445,P34285,2026-05-06,Hospital F,C-Section,Obstructed Labour,30,3,76400.0,2,None,0
C1446,P52637,2026-05-07,Hospital B,Angioplasty,Coronary Artery Disease,73,3,214400.0,2,None,0
C1447,P67930,2026-05-07,Hospital C,Appendectomy,Acute Appendicitis,37,8,69900.0,1,Abnormal Length of Stay,1
C1448,P11559,2026-05-07,Hospital A,Appendectomy,Acute Appendicitis,59,3,52000.0,2,None,0
C1449,P47596,2026-05-07,Hospital H,Cataract Surgery,Cataract,51,0,51800.0,1,None,0
C1450,P97488,2026-05-07,Hospital H,Appendectomy,Acute Appendicitis,44,2,75200.0,2,None,0
C1451,P21664,2026-05-07,Hospital C,Knee Replacement,Osteoarthritis,62,3,261400.0,1,None,0
C1452,P98289,2026-05-07,Hospital G,Knee Replacement,Osteoarthritis,56,3,274000.0,2,None,0
C1453,P22074,2026-05-07,Hospital A,Angioplasty,Coronary Artery Disease,55,2,160800.0,4,None,0
C1454,P29443,2026-05-07,Hospital E,Appendectomy,Acute Appendicitis,46,2,103300.0,3,None,0
C1455,P58734,2026-05-07,Hospital C,Appendectomy,Acute Appendicitis,35,2,57300.0,1,None,0
C1456,P77895,2026-05-07,Hospital F,Cataract Surgery,Cataract,58,0,35100.0,1,None,0
C1457,P34871,2026-05-07,Hospital E,C-Section,Obstructed Labour,22,3,79900.0,1,None,0
C1458,P65042,2026-05-07,Hospital A,Angioplasty,Coronary Artery Disease,60,3,264500.0,1,None,0
C1459,P90469,2026-05-07,Hospital G,C-Section,Obstructed Labour,26,3,95500.0,2,None,0
C1460,P61849,2026-05-07,Hospital B,Cataract Surgery,Cataract,65,0,52800.0,6,None,0
C1461,P43565,2026-05-08,Hospital H,Cataract Surgery,Cataract,66,0,66800.0,3,None,0
C1462,P11444,2026-05-08,Hospital C,Angioplasty,Coronary Artery Disease,50,2,180100.0,0,None,0
C1463,P94137,2026-05-08,Hospital E,Knee Replacement,Osteoarthritis,63,4,419700.0,6,None,0
C1464,P19354,2026-05-08,Hospital G,Angioplasty,Coronary Artery Disease,60,3,195100.0,2,None,0
C1465,P52968,2026-05-08,Hospital D,Angioplasty,Coronary Artery Disease,64,2,206100.0,3,None,0
C1466,P46017,2026-05-08,Hospital D,C-Section,Obstructed Labour,35,3,81800.0,0,None,0
C1467,P16182,2026-05-08,Hospital F,Appendectomy,Acute Appendicitis,24,2,65600.0,3,None,0
C1468,P26205,2026-05-08,Hospital C,Cataract Surgery,Cataract,59,1,33600.0,0,None,0
C1469,P96416,2026-05-08,Hospital D,Cataract Surgery,Cataract,77,1,36300.0,0,None,0
C1470,P48552,2026-05-08,Hospital G,C-Section,Obstructed Labour,32,4,72900.0,3,None,0
C1471,P69835,2026-05-08,Hospital G,Angioplasty,Coronary Artery Disease,69,2,268000.0,3,None,0
C1472,P29531,2026-05-08,Hospital F,C-Section,Obstructed Labour,25,3,79200.0,3,None,0
C1473,P20939,2026-05-08,Hospital D,C-Section,Obstructed Labour,30,3,94900.0,5,None,0
C1474,P28340,2026-05-09,Hospital G,Appendectomy,Acute Appendicitis,48,3,76600.0,6,None,0
C1475,P92729,2026-05-09,Hospital G,Angioplasty,Coronary Artery Disease,63,2,239300.0,2,None,0
C1476,P47529,2026-05-09,Hospital G,Cataract Surgery,Cataract,60,0,51200.0,0,None,0
C1477,P65173,2026-05-09,Hospital A,Cataract Surgery,Cataract,60,1,41400.0,2,None,0
C1478,P38877,2026-05-09,Hospital A,Appendectomy,Acute Appendicitis,48,2,56800.0,1,None,0
C1479,P69816,2026-05-09,Hospital B,C-Section,Obstructed Labour,32,3,66300.0,1,None,0
C1480,P72321,2026-05-09,Hospital G,Knee Replacement,Osteoarthritis,74,3,756700.0,2,Inflated Billing,1
C1481,P83551,2026-05-09,Hospital C,C-Section,Obstructed Labour,22,4,110800.0,3,None,0
C1482,P88356,2026-05-09,Hospital E,Appendectomy,Acute Appendicitis,28,2,100200.0,3,None,0
C1483,P48052,2026-05-10,Hospital C,C-Section,Obstructed Labour,23,3,102300.0,5,None,0
C1484,P55900,2026-05-10,Hospital A,Cataract Surgery,Cataract,69,0,39600.0,1,None,0
C1485,P69623,2026-05-10,Hospital H,C-Section,Obstructed Labour,23,3,130100.0,2,None,0
C1486,P69632,2026-05-10,Hospital D,Cataract Surgery,Cataract,68,1,51600.0,1,None,0
C1487,P46995,2026-05-10,Hospital A,Cataract Surgery,Cataract,52,0,49600.0,0,None,0
C1488,P35029,2026-05-10,Hospital D,Knee Replacement,Osteoarthritis,61,4,338100.0,1,None,0
C1489,P49851,2026-05-10,Hospital B,Cataract Surgery,Cataract,73,0,32800.0,1,None,0
C1490,P48571,2026-05-10,Hospital A,C-Section,Obstructed Labour,23,3,65900.0,1,None,0
C1491,P76970,2026-05-10,Hospital E,Angioplasty,Coronary Artery Disease,59,3,239700.0,2,None,0
C1492,P94615,2026-05-10,Hospital H,Angioplasty,Coronary Artery Disease,72,3,215100.0,1,None,0
C1493,P13698,2026-05-10,Hospital E,Appendectomy,Acute Appendicitis,17,3,75000.0,3,None,0
C1494,P87159,2026-05-10,Hospital F,Appendectomy,Acute Appendicitis,43,3,62700.0,1,None,0
C1495,P26752,2026-05-11,Hospital C,C-Section,Obstructed Labour,28,3,67400.0,0,None,0
C1496,P10772,2026-05-11,Hospital B,C-Section,Obstructed Labour,22,3,75600.0,3,None,0
C1497,P71979,2026-05-11,Hospital A,Appendectomy,Acute Appendicitis,15,3,68500.0,0,None,0
C1498,P66706,2026-05-11,Hospital A,Cataract Surgery,Cataract,67,0,33200.0,4,None,0
C1499,P17678,2026-05-11,Hospital B,Appendectomy,Acute Appendicitis,37,2,73400.0,2,None,0
C1500,P97066,2026-05-11,Hospital A,Knee Replacement,Osteoarthritis,71,3,265400.0,0,None,0
C1501,P99836,2026-05-11,Hospital G,Appendectomy,Acute Appendicitis,56,2,68400.0,1,None,0
C1502,P18427,2026-05-11,Hospital A,Knee Replacement,Osteoarthritis,73,3,338900.0,0,None,0
C1503,P70175,2026-05-11,Hospital D,Appendectomy,Acute Appendicitis,36,2,52900.0,4,None,0
C1504,P87224,2026-05-11,Hospital B,Appendectomy,Acute Appendicitis,32,2,79800.0,1,None,0
C1505,P80681,2026-05-12,Hospital F,Cataract Surgery,Cataract,57,0,42400.0,4,None,0
C1506,P30775,2026-05-12,Hospital F,Appendectomy,Acute Appendicitis,55,3,69500.0,2,None,0
C1507,P15782,2026-05-12,Hospital G,Appendectomy,Acute Appendicitis,19,3,56300.0,1,None,0
C1508,P94473,2026-05-12,Hospital A,Knee Replacement,Osteoarthritis,70,4,256300.0,2,None,0
C1509,P75488,2026-05-12,Hospital C,Appendectomy,Acute Appendicitis,32,3,56800.0,1,None,0
C1510,P13933,2026-05-12,Hospital E,C-Section,Obstructed Labour,23,3,109000.0,1,None,0
C1511,P68355,2026-05-12,Hospital F,C-Section,Obstructed Labour,34,3,111600.0,1,None,0
C1512,P89479,2026-05-12,Hospital C,Appendectomy,Acute Appendicitis,48,2,81700.0,2,None,0
C1513,P37723,2026-05-12,Hospital F,C-Section,Obstructed Labour,35,4,79900.0,1,None,0
C1514,P24595,2026-05-13,Hospital A,C-Section,Obstructed Labour,25,4,89700.0,0,None,0
C1515,P90214,2026-05-13,Hospital C,C-Section,Obstructed Labour,34,3,66500.0,2,None,0
C1516,P24030,2026-05-13,Hospital E,Angioplasty,Coronary Artery Disease,68,3,347700.0,4,None,0
C1517,P11558,2026-05-13,Hospital H,Appendectomy,Acute Appendicitis,40,2,109500.0,1,None,0
C1518,P68774,2026-05-13,Hospital E,C-Section,Obstructed Labour,36,3,114000.0,0,None,0
C1519,P68897,2026-05-13,Hospital H,Appendectomy,Acute Appendicitis,42,3,114900.0,2,None,0
C1520,P49975,2026-05-13,Hospital G,Appendectomy,Acute Appendicitis,22,3,78200.0,2,None,0
C1521,P69244,2026-05-13,Hospital C,Angioplasty,Coronary Artery Disease,54,2,181200.0,2,None,0
C1522,P55347,2026-05-14,Hospital C,Appendectomy,Acute Appendicitis,33,2,88800.0,1,None,0
C1523,P13912,2026-05-14,Hospital F,C-Section,Obstructed Labour,30,4,111100.0,1,None,0
C1524,P18248,2026-05-14,Hospital D,C-Section,Obstructed Labour,24,3,102600.0,2,None,0
C1525,P98728,2026-05-14,Hospital E,Angioplasty,Coronary Artery Disease,67,3,259300.0,2,None,0
C1526,P10134,2026-05-14,Hospital C,C-Section,Obstructed Labour,36,4,116200.0,2,None,0
C1527,P96656,2026-05-14,Hospital B,Angioplasty,Coronary Artery Disease,74,3,181900.0,3,None,0
C1528,P44552,2026-05-14,Hospital C,Appendectomy,Acute Appendicitis,52,3,62600.0,0,None,0
C1529,P94498,2026-05-14,Hospital F,Knee Replacement,Osteoarthritis,69,3,277100.0,2,None,0
C1530,P66204,2026-05-15,Hospital D,Appendectomy,Acute Appendicitis,37,3,77700.0,1,None,0
C1531,P25727,2026-05-15,Hospital G,C-Section,Obstructed Labour,34,4,72900.0,2,None,0
C1532,P74851,2026-05-15,Hospital E,Appendectomy,Acute Appendicitis,34,3,113000.0,2,None,0
C1533,P78554,2026-05-15,Hospital F,Knee Replacement,Osteoarthritis,66,4,255400.0,1,None,0
C1534,P61623,2026-05-15,Hospital H,Cataract Surgery,Cataract,72,0,43600.0,0,None,0
C1535,P19873,2026-05-15,Hospital D,Cataract Surgery,Cataract,65,1,53200.0,2,None,0
C1536,P34208,2026-05-15,Hospital F,Angioplasty,Coronary Artery Disease,62,3,188400.0,3,None,0
C1537,P72183,2026-05-15,Hospital A,Angioplasty,Coronary Artery Disease,63,3,172500.0,1,None,0
C1538,P14962,2026-05-15,Hospital A,C-Section,Obstructed Labour,36,3,111800.0,5,None,0
C1539,P66904,2026-05-15,Hospital G,C-Section,Obstructed Labour,34,3,69100.0,3,None,0
C1540,P62995,2026-05-15,Hospital B,Cataract Surgery,Cataract,53,1,35600.0,2,None,0
C1541,P93289,2026-05-15,Hospital G,Knee Replacement,Osteoarthritis,73,4,341400.0,4,None,0
C1542,P72946,2026-05-15,Hospital D,Knee Replacement,Osteoarthritis,60,3,269800.0,3,None,0
C1543,P39012,2026-05-16,Hospital E,C-Section,Obstructed Labour,36,4,144800.0,3,None,0
C1544,P64142,2026-05-16,Hospital B,Knee Replacement,Osteoarthritis,63,3,310800.0,4,None,0
C1545,P61828,2026-05-16,Hospital H,Appendectomy,Acute Appendicitis,56,3,67500.0,2,None,0
C1546,P52299,2026-05-16,Hospital G,C-Section,Obstructed Labour,36,3,95700.0,1,None,0
C1547,P66897,2026-05-16,Hospital F,C-Section,Obstructed Labour,22,4,106400.0,1,None,0
C1548,P84624,2026-05-16,Hospital G,C-Section,Obstructed Labour,30,4,65100.0,2,None,0
C1549,P49528,2026-05-16,Hospital E,Angioplasty,Coronary Artery Disease,70,2,491700.0,7,Provider Outlier,1
C1550,P78628,2026-05-16,Hospital E,Appendectomy,Acute Appendicitis,42,3,88400.0,1,None,0
C1551,P17665,2026-05-17,Hospital E,C-Section,Obstructed Labour,32,4,117600.0,4,None,0
C1552,P98848,2026-05-17,Hospital C,Appendectomy,Acute Appendicitis,22,2,69200.0,3,None,0
C1553,P57992,2026-05-17,Hospital G,Appendectomy,Acute Appendicitis,16,3,50600.0,0,None,0
C1554,P96509,2026-05-17,Hospital F,Angioplasty,Coronary Artery Disease,51,3,161400.0,1,None,0
C1555,P13346,2026-05-17,Hospital A,Cataract Surgery,Cataract,50,1,40900.0,2,None,0
C1556,P81727,2026-05-17,Hospital D,Knee Replacement,Osteoarthritis,63,4,292700.0,3,None,0
C1557,P10133,2026-05-17,Hospital A,Cataract Surgery,Cataract,78,0,34600.0,3,None,0
C1558,P27054,2026-05-17,Hospital B,C-Section,Obstructed Labour,28,4,75500.0,6,None,0
C1559,P94567,2026-05-17,Hospital E,Appendectomy,Acute Appendicitis,20,2,92100.0,3,None,0
C1560,P95031,2026-05-17,Hospital E,Cataract Surgery,Cataract,67,0,47900.0,3,None,0
C1561,P10908,2026-05-17,Hospital F,Cataract Surgery,Cataract,70,0,34600.0,3,None,0
C1562,P94183,2026-05-17,Hospital E,Appendectomy,Acute Appendicitis,39,3,87600.0,1,None,0
C1563,P75394,2026-05-17,Hospital E,Knee Replacement,Osteoarthritis,62,4,403500.0,0,None,0
C1564,P18266,2026-05-17,Hospital C,Appendectomy,Acute Appendicitis,24,2,196600.0,2,Inflated Billing,1
C1565,P44434,2026-05-18,Hospital E,C-Section,Obstructed Labour,25,4,121800.0,0,None,0
C1566,P16076,2026-05-18,Hospital C,Knee Replacement,Osteoarthritis,60,3,303400.0,0,None,0
C1567,P51729,2026-05-18,Hospital C,Appendectomy,Acute Appendicitis,32,3,81600.0,1,None,0
C1568,P56007,2026-05-18,Hospital D,Knee Replacement,Osteoarthritis,64,4,274500.0,1,None,0
C1569,P75045,2026-05-18,Hospital E,Knee Replacement,Osteoarthritis,64,4,442400.0,3,None,0
C1570,P34141,2026-05-18,Hospital E,C-Section,Obstructed Labour,37,3,96500.0,2,None,0
C1571,P97682,2026-05-18,Hospital E,Cataract Surgery,Cataract,76,0,80400.0,2,None,0
C1572,P88291,2026-05-18,Hospital C,Knee Replacement,Osteoarthritis,66,4,316100.0,3,None,0
C1573,P72158,2026-05-18,Hospital B,C-Section,Obstructed Labour,30,4,73000.0,1,None,0
C1574,P22884,2026-05-18,Hospital B,Appendectomy,Acute Appendicitis,36,2,67100.0,0,None,0
C1575,P95443,2026-05-18,Hospital C,Cataract Surgery,Cataract,64,1,56000.0,2,None,0
C1576,P52443,2026-05-18,Hospital F,Angioplasty,Coronary Artery Disease,68,2,250200.0,3,None,0
C1577,P45280,2026-05-18,Hospital F,Appendectomy,Acute Appendicitis,20,3,84100.0,1,None,0
C1578,P49970,2026-05-18,Hospital E,Appendectomy,Acute Appendicitis,15,2,107100.0,3,None,0
C1579,P20279,2026-05-19,Hospital A,Cataract Surgery,Cataract,56,1,51600.0,2,None,0
C1580,P26227,2026-05-19,Hospital F,Knee Replacement,Osteoarthritis,67,4,280500.0,1,None,0
C1581,P23718,2026-05-19,Hospital A,Knee Replacement,Osteoarthritis,64,3,342700.0,2,None,0
C1582,P92685,2026-05-19,Hospital E,Cataract Surgery,Cataract,63,0,131600.0,9,Provider Outlier,1
C1583,P68069,2026-05-19,Hospital G,Angioplasty,Coronary Artery Disease,67,3,171000.0,2,None,0
C1584,P56053,2026-05-19,Hospital C,Appendectomy,Acute Appendicitis,37,3,74000.0,3,None,0
C1585,P27042,2026-05-19,Hospital B,Knee Replacement,Acute Appendicitis,70,4,281100.0,1,Diagnosis Mismatch,1
C1586,P85435,2026-05-19,Hospital E,Knee Replacement,Osteoarthritis,68,4,413300.0,0,None,0
C1587,P27065,2026-05-19,Hospital H,Angioplasty,Coronary Artery Disease,69,3,319600.0,0,None,0
C1588,P89148,2026-05-19,Hospital H,Knee Replacement,Osteoarthritis,61,4,422000.0,2,None,0
C1589,P22582,2026-05-19,Hospital A,C-Section,Obstructed Labour,29,4,98200.0,4,None,0
C1590,P61701,2026-05-19,Hospital F,C-Section,Obstructed Labour,22,3,60400.0,2,None,0
C1591,P76745,2026-05-20,Hospital A,C-Section,Obstructed Labour,31,4,103400.0,1,None,0
C1592,P56551,2026-05-20,Hospital G,Cataract Surgery,Cataract,79,1,35000.0,2,None,0
C1593,P55228,2026-05-20,Hospital D,Appendectomy,Acute Appendicitis,56,2,79500.0,0,None,0
C1594,P11789,2026-05-20,Hospital E,Angioplasty,Coronary Artery Disease,73,2,367400.0,0,None,0
C1595,P50577,2026-05-20,Hospital D,Angioplasty,Coronary Artery Disease,58,3,150700.0,2,None,0
C1596,P21884,2026-05-20,Hospital H,Angioplasty,Coronary Artery Disease,67,3,331200.0,3,None,0
C1597,P39475,2026-05-20,Hospital E,Angioplasty,Coronary Artery Disease,59,2,426100.0,6,Provider Outlier,1
C1598,P48449,2026-05-20,Hospital G,Angioplasty,Coronary Artery Disease,51,3,181500.0,3,None,0
C1599,P56021,2026-05-20,Hospital D,Cataract Surgery,Cataract,59,1,34400.0,6,None,0
C1600,P66662,2026-05-20,Hospital H,Knee Replacement,Osteoarthritis,55,3,377500.0,3,None,0
C1601,P74851,2026-05-20,Hospital E,Appendectomy,Acute Appendicitis,34,3,113000.0,2,Duplicate Claim,1
C1602,P10273,2026-05-20,Hospital F,Knee Replacement,Osteoarthritis,68,3,294000.0,3,None,0
C1603,P77574,2026-05-20,Hospital E,C-Section,Obstructed Labour,33,3,93900.0,3,None,0
C1604,P94830,2026-05-21,Hospital D,Knee Replacement,Osteoarthritis,66,3,296400.0,2,None,0
C1605,P29633,2026-05-21,Hospital H,Knee Replacement,Osteoarthritis,61,3,377500.0,1,None,0
C1606,P19715,2026-05-21,Hospital G,C-Section,Obstructed Labour,28,0,67100.0,0,Abnormal Length of Stay,1
C1607,P23985,2026-05-21,Hospital H,Knee Replacement,Osteoarthritis,57,4,345400.0,2,None,0
C1608,P26955,2026-05-21,Hospital A,Appendectomy,Acute Appendicitis,44,3,86000.0,1,None,0
C1609,P38929,2026-05-21,Hospital G,C-Section,Obstructed Labour,34,4,115500.0,2,None,0
C1610,P36249,2026-05-21,Hospital A,Cataract Surgery,Cataract,59,1,52300.0,4,None,0
C1611,P72544,2026-05-21,Hospital A,Cataract Surgery,Cataract,69,1,49200.0,1,None,0
C1612,P87944,2026-05-21,Hospital G,Cataract Surgery,Cataract,53,1,43900.0,6,None,0
C1613,P26337,2026-05-21,Hospital F,Cataract Surgery,Cataract,65,1,34400.0,3,None,0
C1614,P85947,2026-05-21,Hospital B,Cataract Surgery,Cataract,64,1,36100.0,1,None,0
C1615,P55853,2026-05-21,Hospital A,Appendectomy,Acute Appendicitis,56,2,69300.0,4,None,0
C1616,P95152,2026-05-21,Hospital D,Cataract Surgery,Cataract,60,0,55300.0,2,None,0
C1617,P62579,2026-05-22,Hospital D,Angioplasty,Coronary Artery Disease,59,2,277800.0,1,None,0
C1618,P80553,2026-05-22,Hospital E,Appendectomy,Acute Appendicitis,33,3,168600.0,2,Inflated Billing,1
C1619,P69849,2026-05-22,Hospital E,Cataract Surgery,Cataract,56,0,118000.0,2,Inflated Billing,1
C1620,P73412,2026-05-22,Hospital H,Cataract Surgery,Cataract,68,1,80400.0,1,None,0
C1621,P64885,2026-05-22,Hospital C,Appendectomy,Acute Appendicitis,25,3,57900.0,7,None,0
C1622,P78086,2026-05-22,Hospital H,C-Section,Obstructed Labour,25,4,118400.0,1,None,0
C1623,P32184,2026-05-23,Hospital G,Appendectomy,Acute Appendicitis,12,2,82100.0,3,None,0
C1624,P44376,2026-05-23,Hospital F,Knee Replacement,Osteoarthritis,66,3,298100.0,3,None,0
C1625,P66849,2026-05-23,Hospital G,Knee Replacement,Osteoarthritis,74,3,322400.0,1,None,0
C1626,P56314,2026-05-23,Hospital E,C-Section,Obstructed Labour,36,4,134700.0,0,None,0
C1627,P66340,2026-05-23,Hospital C,Appendectomy,Acute Appendicitis,37,3,67300.0,5,None,0
C1628,P75226,2026-05-23,Hospital B,Knee Replacement,Osteoarthritis,60,4,250700.0,5,None,0
C1629,P77574,2026-05-23,Hospital E,C-Section,Obstructed Labour,33,3,93900.0,3,Duplicate Claim,1
C1630,P34368,2026-05-23,Hospital G,C-Section,Obstructed Labour,37,3,83700.0,2,None,0
C1631,P97448,2026-05-23,Hospital A,Angioplasty,Coronary Artery Disease,62,2,150600.0,2,None,0
C1632,P35497,2026-05-23,Hospital F,Appendectomy,Acute Appendicitis,15,3,59500.0,1,None,0
C1633,P54911,2026-05-23,Hospital C,Angioplasty,Coronary Artery Disease,57,3,283800.0,3,None,0
C1634,P86260,2026-05-23,Hospital G,Cataract Surgery,Cataract,66,1,45500.0,1,None,0
C1635,P24265,2026-05-23,Hospital E,Cataract Surgery,Cataract,55,0,46600.0,2,None,0
C1636,P62169,2026-05-23,Hospital B,Appendectomy,Acute Appendicitis,15,3,83900.0,4,None,0
C1637,P71100,2026-05-23,Hospital F,C-Section,Obstructed Labour,36,4,81500.0,4,None,0
C1638,P26227,2026-05-23,Hospital F,Knee Replacement,Osteoarthritis,67,4,280500.0,1,Duplicate Claim,1
C1639,P17456,2026-05-24,Hospital H,C-Section,Obstructed Labour,22,3,122900.0,2,None,0
C1640,P18194,2026-05-24,Hospital G,Knee Replacement,Osteoarthritis,56,4,269500.0,0,None,0
C1641,P47650,2026-05-24,Hospital E,Angioplasty,Coronary Artery Disease,58,2,195000.0,1,None,0
C1642,P50850,2026-05-24,Hospital H,Angioplasty,Coronary Artery Disease,56,2,340300.0,3,None,0
C1643,P17952,2026-05-24,Hospital C,Cataract Surgery,Cataract,62,1,37400.0,3,None,0
C1644,P12892,2026-05-24,Hospital C,Angioplasty,Coronary Artery Disease,74,2,299500.0,4,None,0
C1645,P86218,2026-05-24,Hospital A,C-Section,Obstructed Labour,28,3,108600.0,1,None,0
C1646,P56052,2026-05-24,Hospital D,Appendectomy,Acute Appendicitis,42,2,75300.0,2,None,0
C1647,P70067,2026-05-24,Hospital H,Cataract Surgery,Cataract,66,0,45900.0,2,None,0
C1648,P91936,2026-05-24,Hospital D,C-Section,Obstructed Labour,29,3,113800.0,1,None,0
C1649,P70067,2026-05-25,Hospital H,Cataract Surgery,Cataract,66,0,45900.0,2,Duplicate Claim,1
C1650,P66080,2026-05-25,Hospital E,Appendectomy,Acute Appendicitis,57,3,101000.0,0,None,0
C1651,P36249,2026-05-25,Hospital A,Cataract Surgery,Cataract,59,1,52300.0,4,Duplicate Claim,1
C1652,P55413,2026-05-25,Hospital D,Cataract Surgery,Cataract,74,0,36500.0,1,None,0
C1653,P74994,2026-05-25,Hospital G,Knee Replacement,Osteoarthritis,58,4,333500.0,3,None,0
C1654,P86260,2026-05-25,Hospital G,Cataract Surgery,Cataract,66,1,45500.0,1,Duplicate Claim,1
C1655,P31233,2026-05-25,Hospital G,Cataract Surgery,Cataract,53,0,45000.0,2,None,0
C1656,P78886,2026-05-25,Hospital G,Appendectomy,Acute Appendicitis,25,3,54500.0,3,None,0
C1657,P56506,2026-05-25,Hospital H,Cataract Surgery,Cataract,54,1,63100.0,2,None,0
C1658,P44637,2026-05-25,Hospital F,Knee Replacement,Osteoarthritis,65,4,277000.0,0,None,0
C1659,P41833,2026-05-25,Hospital A,Appendectomy,Acute Appendicitis,34,2,57700.0,1,None,0
C1660,P20393,2026-05-26,Hospital E,Cataract Surgery,Cataract,63,0,47400.0,0,None,0
C1661,P61383,2026-05-26,Hospital G,Angioplasty,Coronary Artery Disease,64,2,290400.0,4,None,0
C1662,P21332,2026-05-26,Hospital C,Appendectomy,Acute Appendicitis,49,2,73100.0,2,None,0
C1663,P97705,2026-05-26,Hospital A,C-Section,Obstructed Labour,35,4,84800.0,1,None,0
C1664,P52529,2026-05-26,Hospital D,Cataract Surgery,Cataract,78,1,52800.0,4,None,0
C1665,P75928,2026-05-27,Hospital G,Knee Replacement,Osteoarthritis,72,3,280400.0,2,None,0
C1666,P11172,2026-05-27,Hospital C,Knee Replacement,Osteoarthritis,63,3,285500.0,1,None,0
C1667,P20799,2026-05-27,Hospital B,Angioplasty,Coronary Artery Disease,57,2,293000.0,3,None,0
C1668,P57159,2026-05-27,Hospital D,Appendectomy,Acute Appendicitis,47,2,55100.0,2,None,0
C1669,P22832,2026-05-27,Hospital G,Appendectomy,Acute Appendicitis,24,3,75500.0,0,None,0
C1670,P89864,2026-05-27,Hospital B,C-Section,Obstructed Labour,33,4,70000.0,1,None,0
C1671,P52446,2026-05-27,Hospital C,C-Section,Obstructed Labour,25,4,104600.0,4,None,0
C1672,P96451,2026-05-27,Hospital C,Appendectomy,Acute Appendicitis,21,3,86400.0,3,None,0
C1673,P26970,2026-05-27,Hospital A,Appendectomy,Acute Appendicitis,15,3,53800.0,6,None,0
C1674,P47068,2026-05-28,Hospital B,Knee Replacement,Osteoarthritis,69,3,327600.0,6,None,0
C1675,P43008,2026-05-28,Hospital G,Appendectomy,Acute Appendicitis,50,3,53600.0,2,None,0
C1676,P97316,2026-05-28,Hospital B,Appendectomy,Acute Appendicitis,23,2,50200.0,2,None,0
C1677,P70652,2026-05-28,Hospital D,C-Section,Obstructed Labour,25,3,112800.0,5,None,0
C1678,P62111,2026-05-28,Hospital D,C-Section,Obstructed Labour,33,3,103200.0,4,None,0
C1679,P23529,2026-05-28,Hospital H,Knee Replacement,Osteoarthritis,63,4,359700.0,2,None,0
C1680,P93416,2026-05-28,Hospital E,Cataract Surgery,Cataract,57,0,56900.0,2,None,0
C1681,P52144,2026-05-28,Hospital C,Cataract Surgery,Cataract,75,1,41700.0,3,None,0
C1682,P71747,2026-05-28,Hospital H,Cataract Surgery,Cataract,50,1,44300.0,2,None,0
C1683,P85776,2026-05-28,Hospital C,Cataract Surgery,Cataract,53,0,35600.0,2,None,0
C1684,P18953,2026-05-29,Hospital G,C-Section,Obstructed Labour,26,4,79700.0,3,None,0
C1685,P77066,2026-05-29,Hospital A,Angioplasty,Coronary Artery Disease,63,2,225700.0,1,None,0
C1686,P48819,2026-05-29,Hospital C,C-Section,Obstructed Labour,28,3,80000.0,2,None,0
C1687,P47432,2026-05-29,Hospital H,Appendectomy,Acute Appendicitis,32,2,77500.0,1,None,0
C1688,P71399,2026-05-29,Hospital D,Angioplasty,Coronary Artery Disease,62,2,273700.0,2,None,0
C1689,P47239,2026-05-29,Hospital E,Angioplasty,Coronary Artery Disease,67,3,310300.0,2,None,0
C1690,P69724,2026-05-29,Hospital C,Cataract Surgery,Cataract,54,1,40800.0,5,None,0
C1691,P48352,2026-05-29,Hospital C,Appendectomy,Acute Appendicitis,41,3,83100.0,2,None,0
C1692,P11759,2026-05-29,Hospital A,C-Section,Obstructed Labour,34,4,74100.0,3,None,0
C1693,P97237,2026-05-29,Hospital H,Appendectomy,Acute Appendicitis,25,12,101900.0,2,Abnormal Length of Stay,1
C1694,P50152,2026-05-30,Hospital C,Cataract Surgery,Cataract,65,1,47400.0,2,None,0
C1695,P69793,2026-05-30,Hospital F,Knee Replacement,Osteoarthritis,55,3,271900.0,2,None,0
C1696,P22713,2026-05-30,Hospital G,Cataract Surgery,Cataract,51,0,36900.0,3,None,0
C1697,P93829,2026-05-30,Hospital B,Angioplasty,Coronary Artery Disease,70,3,187500.0,1,None,0
C1698,P94250,2026-05-30,Hospital E,Angioplasty,Coronary Artery Disease,52,2,213500.0,4,None,0
C1699,P99610,2026-05-30,Hospital H,Cataract Surgery,Cataract,51,0,66100.0,1,None,0
C1700,P38174,2026-05-30,Hospital C,Cataract Surgery,Cataract,58,1,51100.0,2,None,0
C1701,P37195,2026-05-30,Hospital D,Cataract Surgery,Cataract,54,1,56900.0,0,None,0
C1702,P94427,2026-05-30,Hospital D,Appendectomy,Acute Appendicitis,52,3,73500.0,3,None,0
C1703,P89324,2026-05-31,Hospital G,Knee Replacement,Osteoarthritis,60,4,296500.0,2,None,0
C1704,P74854,2026-05-31,Hospital E,Cataract Surgery,Cataract,55,0,76300.0,3,None,0
C1705,P67310,2026-05-31,Hospital D,C-Section,Obstructed Labour,31,3,80700.0,1,None,0
C1706,P15541,2026-05-31,Hospital G,C-Section,Obstructed Labour,27,3,106400.0,2,None,0
C1707,P78655,2026-05-31,Hospital F,Knee Replacement,Osteoarthritis,73,4,293900.0,2,None,0
C1708,P73751,2026-05-31,Hospital A,C-Section,Obstructed Labour,37,4,74100.0,2,None,0
C1709,P22135,2026-05-31,Hospital F,Knee Replacement,Osteoarthritis,62,3,310300.0,2,None,0
C1710,P43294,2026-05-31,Hospital A,C-Section,Obstructed Labour,24,3,118100.0,1,None,0
C1711,P21365,2026-05-31,Hospital G,Angioplasty,Coronary Artery Disease,66,2,194000.0,4,None,0
C1712,P42034,2026-06-01,Hospital B,C-Section,Obstructed Labour,35,3,109400.0,3,None,0
C1713,P96805,2026-06-01,Hospital D,Cataract Surgery,Cataract,60,0,38300.0,2,None,0
C1714,P33947,2026-06-01,Hospital H,Appendectomy,Acute Appendicitis,15,2,103400.0,3,None,0
C1715,P13221,2026-06-01,Hospital A,Angioplasty,Coronary Artery Disease,55,3,224400.0,4,None,0
C1716,P60665,2026-06-01,Hospital C,Angioplasty,Coronary Artery Disease,50,3,243200.0,4,None,0
C1717,P19878,2026-06-01,Hospital D,Cataract Surgery,Cataract,51,1,38100.0,1,None,0
C1718,P25407,2026-06-01,Hospital G,Cataract Surgery,Cataract,55,6,53600.0,0,Abnormal Length of Stay,1
C1719,P82862,2026-06-01,Hospital E,C-Section,Obstructed Labour,32,4,122200.0,3,None,0
C1720,P30683,2026-06-01,Hospital C,Angioplasty,Coronary Artery Disease,60,3,235300.0,0,None,0
C1721,P79249,2026-06-02,Hospital G,C-Section,Obstructed Labour,28,4,113600.0,3,None,0
C1722,P98007,2026-06-02,Hospital F,Cataract Surgery,Cataract,60,1,139900.0,0,Inflated Billing,1
C1723,P51440,2026-06-02,Hospital E,C-Section,Obstructed Labour,29,3,125600.0,1,None,0
C1724,P13508,2026-06-02,Hospital A,Angioplasty,Coronary Artery Disease,68,3,201400.0,0,None,0
C1725,P35254,2026-06-02,Hospital E,Knee Replacement,Osteoarthritis,56,4,441900.0,8,Provider Outlier,1
C1726,P29656,2026-06-02,Hospital F,Knee Replacement,Osteoarthritis,71,3,265300.0,1,None,0
C1727,P86956,2026-06-02,Hospital F,Knee Replacement,Osteoarthritis,64,4,316800.0,4,None,0
C1728,P67354,2026-06-02,Hospital H,Appendectomy,Acute Appendicitis,33,3,70100.0,1,None,0
C1729,P30818,2026-06-02,Hospital B,Appendectomy,Acute Appendicitis,38,3,70000.0,0,None,0
C1730,P42068,2026-06-02,Hospital H,Knee Replacement,Osteoarthritis,60,3,367500.0,3,None,0
C1731,P30119,2026-06-03,Hospital B,C-Section,Obstructed Labour,32,3,101300.0,4,None,0
C1732,P98638,2026-06-03,Hospital A,Appendectomy,Acute Appendicitis,26,2,86400.0,2,None,0
C1733,P92148,2026-06-03,Hospital C,Appendectomy,Acute Appendicitis,12,3,73400.0,4,None,0
C1734,P50621,2026-06-03,Hospital H,Knee Replacement,Osteoarthritis,63,3,386700.0,2,None,0
C1735,P10455,2026-06-03,Hospital D,Appendectomy,Acute Appendicitis,52,2,76800.0,1,None,0
C1736,P98281,2026-06-03,Hospital C,Angioplasty,Coronary Artery Disease,66,3,156700.0,1,None,0
C1737,P67893,2026-06-03,Hospital G,Angioplasty,Coronary Artery Disease,56,3,199900.0,3,None,0
C1738,P61501,2026-06-03,Hospital G,C-Section,Obstructed Labour,36,4,101700.0,2,None,0
C1739,P78219,2026-06-03,Hospital D,Angioplasty,Coronary Artery Disease,63,2,276400.0,1,None,0
C1740,P80771,2026-06-04,Hospital D,Angioplasty,Coronary Artery Disease,65,2,282100.0,1,None,0
C1741,P92265,2026-06-04,Hospital B,Cataract Surgery,Cataract,73,0,41300.0,1,None,0
C1742,P74163,2026-06-04,Hospital B,Angioplasty,Coronary Artery Disease,61,2,199200.0,3,None,0
C1743,P26436,2026-06-04,Hospital F,Cataract Surgery,Cataract,52,0,37700.0,2,None,0
C1744,P50974,2026-06-04,Hospital H,Appendectomy,Acute Appendicitis,42,3,76700.0,1,None,0
C1745,P18571,2026-06-04,Hospital B,C-Section,Obstructed Labour,25,3,88400.0,4,None,0
C1746,P45808,2026-06-04,Hospital F,Knee Replacement,Osteoarthritis,66,4,309700.0,3,None,0
C1747,P91558,2026-06-04,Hospital E,Appendectomy,Acute Appendicitis,40,2,88000.0,0,None,0
C1748,P59768,2026-06-04,Hospital A,Knee Replacement,Osteoarthritis,73,4,299700.0,1,None,0
C1749,P39791,2026-06-05,Hospital E,Knee Replacement,Osteoarthritis,60,3,438000.0,1,None,0
C1750,P85506,2026-06-06,Hospital G,C-Section,Obstructed Labour,37,3,104100.0,4,None,0
C1751,P77681,2026-06-06,Hospital H,C-Section,Obstructed Labour,27,4,126300.0,2,None,0
C1752,P69399,2026-06-06,Hospital G,Cataract Surgery,Osteoarthritis,67,0,57200.0,2,Diagnosis Mismatch,1
C1753,P27014,2026-06-06,Hospital H,Angioplasty,Coronary Artery Disease,67,2,354700.0,2,None,0
C1754,P11374,2026-06-06,Hospital F,Cataract Surgery,Cataract,73,1,38500.0,7,None,0
C1755,P58531,2026-06-06,Hospital D,Appendectomy,Acute Appendicitis,41,3,65300.0,1,None,0
C1756,P53330,2026-06-06,Hospital H,Knee Replacement,Osteoarthritis,61,3,375900.0,0,None,0
C1757,P16814,2026-06-07,Hospital D,Appendectomy,Acute Appendicitis,52,2,83500.0,3,None,0
C1758,P76879,2026-06-07,Hospital G,Angioplasty,Coronary Artery Disease,70,2,285600.0,0,None,0
C1759,P26671,2026-06-07,Hospital A,Cataract Surgery,Cataract,74,1,30500.0,0,None,0
C1760,P84414,2026-06-07,Hospital B,Appendectomy,Acute Appendicitis,22,2,76200.0,2,None,0
C1761,P24860,2026-06-07,Hospital C,Appendectomy,Acute Appendicitis,18,3,56800.0,0,None,0
C1762,P54278,2026-06-07,Hospital H,Appendectomy,Acute Appendicitis,51,2,106300.0,1,None,0
C1763,P79066,2026-06-07,Hospital B,Appendectomy,Acute Appendicitis,46,3,74100.0,0,None,0
C1764,P81276,2026-06-07,Hospital A,Cataract Surgery,Cataract,57,0,46800.0,4,None,0
C1765,P19110,2026-06-07,Hospital C,Appendectomy,Acute Appendicitis,35,2,55600.0,1,None,0
C1766,P18361,2026-06-07,Hospital H,C-Section,Obstructed Labour,28,3,92600.0,2,None,0
C1767,P77686,2026-06-07,Hospital E,C-Section,Obstructed Labour,34,4,127400.0,1,None,0
C1768,P93364,2026-06-07,Hospital B,Angioplasty,Coronary Artery Disease,70,2,168600.0,3,None,0
C1769,P67508,2026-06-07,Hospital A,Knee Replacement,Osteoarthritis,62,0,283000.0,3,Abnormal Length of Stay,1
C1770,P73782,2026-06-07,Hospital G,Angioplasty,Coronary Artery Disease,71,3,156400.0,1,None,0
C1771,P51559,2026-06-08,Hospital H,Angioplasty,Coronary Artery Disease,56,2,310300.0,1,None,0
C1772,P93838,2026-06-08,Hospital C,Knee Replacement,Osteoarthritis,63,4,304200.0,2,None,0
C1773,P14206,2026-06-08,Hospital G,Knee Replacement,Osteoarthritis,63,4,272700.0,1,None,0
C1774,P97590,2026-06-08,Hospital D,Appendectomy,Acute Appendicitis,19,3,70300.0,0,None,0
C1775,P92731,2026-06-08,Hospital G,Cataract Surgery,Cataract,64,0,47300.0,4,None,0
C1776,P16439,2026-06-08,Hospital H,Appendectomy,Acute Appendicitis,46,2,87700.0,2,None,0
C1777,P22342,2026-06-09,Hospital G,C-Section,Obstructed Labour,34,4,100300.0,2,None,0
C1778,P78600,2026-06-09,Hospital B,Knee Replacement,Osteoarthritis,56,3,256500.0,3,None,0
C1779,P47823,2026-06-09,Hospital E,Appendectomy,Acute Appendicitis,22,2,73200.0,2,None,0
C1780,P75943,2026-06-09,Hospital C,Knee Replacement,Osteoarthritis,64,3,262600.0,3,None,0
C1781,P96471,2026-06-09,Hospital A,Appendectomy,Acute Appendicitis,40,2,83100.0,2,None,0
C1782,P33502,2026-06-09,Hospital C,Appendectomy,Acute Appendicitis,54,2,71300.0,1,None,0
C1783,P16647,2026-06-09,Hospital C,Cataract Surgery,Cataract,75,0,32500.0,5,None,0
C1784,P68992,2026-06-10,Hospital F,Angioplasty,Coronary Artery Disease,66,2,210300.0,2,None,0
C1785,P93684,2026-06-10,Hospital C,C-Section,Obstructed Labour,27,4,69400.0,5,None,0
C1786,P18311,2026-06-10,Hospital G,C-Section,Obstructed Labour,28,3,90100.0,1,None,0
C1787,P34483,2026-06-10,Hospital B,Angioplasty,Coronary Artery Disease,63,3,200100.0,1,None,0
C1788,P65480,2026-06-10,Hospital G,Knee Replacement,Osteoarthritis,59,3,296100.0,0,None,0
C1789,P94770,2026-06-10,Hospital E,C-Section,Obstructed Labour,37,4,90500.0,2,None,0
C1790,P48186,2026-06-10,Hospital A,Appendectomy,Acute Appendicitis,14,3,74200.0,1,None,0
C1791,P43247,2026-06-10,Hospital F,Knee Replacement,Osteoarthritis,62,4,314200.0,1,None,0
C1792,P73185,2026-06-10,Hospital E,Angioplasty,Coronary Artery Disease,56,3,214000.0,1,None,0
C1793,P40921,2026-06-10,Hospital G,Cataract Surgery,Cataract,63,1,59800.0,1,None,0
C1794,P36716,2026-06-10,Hospital H,C-Section,Obstructed Labour,25,3,148200.0,2,None,0
C1795,P82587,2026-06-10,Hospital E,Cataract Surgery,Cataract,73,1,65800.0,2,None,0
C1796,P37161,2026-06-10,Hospital C,Angioplasty,Coronary Artery Disease,57,3,508900.0,0,Inflated Billing,1
C1797,P84072,2026-06-11,Hospital G,Knee Replacement,Osteoarthritis,59,3,272300.0,2,None,0
C1798,P15388,2026-06-11,Hospital B,Knee Replacement,Osteoarthritis,70,4,614100.0,1,Inflated Billing,1
C1799,P43048,2026-06-11,Hospital C,Cataract Surgery,Cataract,55,6,34600.0,2,Abnormal Length of Stay,1
C1800,P10975,2026-06-11,Hospital B,Appendectomy,Acute Appendicitis,53,2,89800.0,4,None,0
C1801,P33966,2026-06-11,Hospital H,Knee Replacement,Osteoarthritis,65,3,307600.0,3,None,0
C1802,P69280,2026-06-11,Hospital D,C-Section,Obstructed Labour,27,3,80800.0,3,None,0
C1803,P84228,2026-06-11,Hospital C,Appendectomy,Acute Appendicitis,29,2,67300.0,1,None,0
C1804,P45028,2026-06-11,Hospital E,Angioplasty,Coronary Artery Disease,60,2,283400.0,3,None,0
C1805,P68945,2026-06-11,Hospital B,C-Section,Obstructed Labour,34,3,72000.0,2,None,0
C1806,P63952,2026-06-11,Hospital F,Appendectomy,Acute Appendicitis,59,3,70200.0,3,None,0
C1807,P33824,2026-06-11,Hospital B,Cataract Surgery,Cataract,71,1,52500.0,0,None,0
C1808,P35087,2026-06-11,Hospital G,Angioplasty,Coronary Artery Disease,71,3,167300.0,2,None,0
C1809,P51454,2026-06-11,Hospital D,C-Section,Obstructed Labour,37,3,89500.0,0,None,0
C1810,P29077,2026-06-12,Hospital C,Angioplasty,Coronary Artery Disease,71,3,172500.0,0,None,0
C1811,P28439,2026-06-12,Hospital A,Knee Replacement,Osteoarthritis,66,3,326600.0,3,None,0
C1812,P91797,2026-06-12,Hospital B,Knee Replacement,Osteoarthritis,66,4,251200.0,2,None,0
C1813,P74982,2026-06-12,Hospital C,C-Section,Obstructed Labour,32,4,76200.0,2,None,0
C1814,P10350,2026-06-12,Hospital C,Cataract Surgery,Cataract,60,0,92200.0,1,Inflated Billing,1
C1815,P56521,2026-06-12,Hospital C,Cataract Surgery,Cataract,72,1,52400.0,2,None,0
C1816,P39952,2026-06-12,Hospital G,Angioplasty,Coronary Artery Disease,54,2,196100.0,2,None,0
C1817,P87354,2026-06-12,Hospital H,C-Section,Obstructed Labour,26,4,141600.0,3,None,0
C1818,P95275,2026-06-12,Hospital E,Appendectomy,Obstructed Labour,51,2,123500.0,1,Diagnosis Mismatch,1
C1819,P37686,2026-06-13,Hospital B,Cataract Surgery,Cataract,56,1,48300.0,0,None,0
C1820,P60892,2026-06-13,Hospital G,Appendectomy,Acute Appendicitis,16,3,76000.0,2,None,0
C1821,P80938,2026-06-13,Hospital E,Angioplasty,Coronary Artery Disease,61,2,201000.0,3,None,0
C1822,P95106,2026-06-13,Hospital A,Angioplasty,Coronary Artery Disease,50,2,164700.0,3,None,0
C1823,P54093,2026-06-13,Hospital E,Knee Replacement,Osteoarthritis,61,4,427200.0,2,None,0
C1824,P97628,2026-06-13,Hospital F,C-Section,Obstructed Labour,31,3,110500.0,2,None,0
C1825,P52916,2026-06-13,Hospital E,Angioplasty,Coronary Artery Disease,66,2,273700.0,2,None,0
C1826,P43250,2026-06-13,Hospital C,Appendectomy,Acute Appendicitis,49,2,67800.0,1,None,0
C1827,P28730,2026-06-13,Hospital H,C-Section,Obstructed Labour,23,3,83600.0,1,None,0
C1828,P31423,2026-06-13,Hospital F,Knee Replacement,Osteoarthritis,70,4,300000.0,2,None,0
C1829,P58317,2026-06-13,Hospital A,Appendectomy,Acute Appendicitis,52,3,50000.0,1,None,0
C1830,P75824,2026-06-13,Hospital D,Angioplasty,Coronary Artery Disease,66,3,195400.0,0,None,0
C1831,P34852,2026-06-13,Hospital G,Knee Replacement,Osteoarthritis,66,4,345600.0,1,None,0
C1832,P57678,2026-06-13,Hospital C,Appendectomy,Acute Appendicitis,38,3,74800.0,1,None,0
C1833,P43649,2026-06-13,Hospital H,Appendectomy,Acute Appendicitis,15,2,67700.0,4,None,0
C1834,P15272,2026-06-14,Hospital H,Cataract Surgery,Cataract,62,0,54900.0,5,None,0
C1835,P40732,2026-06-14,Hospital H,Cataract Surgery,Cataract,79,0,53600.0,2,None,0
C1836,P51563,2026-06-14,Hospital C,C-Section,Obstructed Labour,35,3,66900.0,1,None,0
C1837,P38421,2026-06-14,Hospital A,Cataract Surgery,Cataract,59,1,37100.0,2,None,0
C1838,P19891,2026-06-14,Hospital B,Angioplasty,Coronary Artery Disease,56,2,279800.0,2,None,0
C1839,P96666,2026-06-14,Hospital B,Angioplasty,Coronary Artery Disease,62,2,293100.0,0,None,0
C1840,P48100,2026-06-14,Hospital E,C-Section,Obstructed Labour,22,3,154500.0,0,None,0
C1841,P59234,2026-06-14,Hospital B,Cataract Surgery,Cataract,76,0,37800.0,2,None,0
C1842,P10003,2026-06-14,Hospital G,Knee Replacement,Osteoarthritis,69,3,309800.0,1,None,0
C1843,P92831,2026-06-14,Hospital E,Knee Replacement,Osteoarthritis,55,4,378300.0,3,None,0
C1844,P51677,2026-06-14,Hospital H,C-Section,Obstructed Labour,26,3,86900.0,3,None,0
C1845,P73515,2026-06-14,Hospital A,Appendectomy,Acute Appendicitis,22,3,71100.0,0,None,0
C1846,P40072,2026-06-14,Hospital E,Appendectomy,Acute Appendicitis,13,3,238800.0,2,Inflated Billing,1
C1847,P99684,2026-06-15,Hospital E,Cataract Surgery,Cataract,62,1,72300.0,4,None,0
C1848,P41145,2026-06-15,Hospital G,Angioplasty,Coronary Artery Disease,62,3,266600.0,4,None,0
C1849,P99129,2026-06-15,Hospital H,C-Section,Obstructed Labour,36,4,92200.0,0,None,0
C1850,P50536,2026-06-15,Hospital A,Angioplasty,Coronary Artery Disease,60,3,184600.0,5,None,0
C1851,P71493,2026-06-15,Hospital B,C-Section,Obstructed Labour,33,4,114300.0,1,None,0
C1852,P18845,2026-06-15,Hospital E,Cataract Surgery,Cataract,63,1,75600.0,0,None,0
C1853,P56625,2026-06-15,Hospital H,Knee Replacement,Osteoarthritis,73,3,439300.0,0,None,0
C1854,P96468,2026-06-15,Hospital E,C-Section,Obstructed Labour,32,4,217900.0,8,Provider Outlier,1
C1855,P95725,2026-06-15,Hospital F,Appendectomy,Acute Appendicitis,18,3,208000.0,0,Inflated Billing,1
C1856,P25548,2026-06-15,Hospital C,Cataract Surgery,Cataract,69,1,52900.0,1,None,0
C1857,P32204,2026-06-15,Hospital H,Appendectomy,Acute Appendicitis,14,3,81000.0,4,None,0
C1858,P97252,2026-06-16,Hospital B,Cataract Surgery,Cataract,74,1,49700.0,3,None,0
C1859,P66359,2026-06-16,Hospital C,C-Section,Obstructed Labour,34,4,67400.0,4,None,0
C1860,P86182,2026-06-16,Hospital F,Cataract Surgery,Cataract,55,0,37900.0,2,None,0
C1861,P11541,2026-06-16,Hospital F,Appendectomy,Acute Appendicitis,26,3,52400.0,1,None,0
C1862,P12803,2026-06-16,Hospital A,Knee Replacement,Osteoarthritis,66,3,281800.0,1,None,0
C1863,P83424,2026-06-16,Hospital C,Angioplasty,Coronary Artery Disease,50,3,219600.0,4,None,0
C1864,P52083,2026-06-16,Hospital D,C-Section,Obstructed Labour,34,3,63800.0,3,None,0
C1865,P96037,2026-06-16,Hospital A,C-Section,Obstructed Labour,26,3,107800.0,4,None,0
C1866,P60791,2026-06-16,Hospital G,C-Section,Obstructed Labour,33,4,105600.0,3,None,0
C1867,P97296,2026-06-16,Hospital A,Cataract Surgery,Cataract,68,1,40300.0,0,None,0
C1868,P62092,2026-06-16,Hospital C,C-Section,Obstructed Labour,25,3,73400.0,0,None,0
C1869,P72417,2026-06-16,Hospital B,Appendectomy,Acute Appendicitis,27,3,55400.0,1,None,0
C1870,P13198,2026-06-17,Hospital A,C-Section,Obstructed Labour,27,3,90000.0,2,None,0
C1871,P32849,2026-06-17,Hospital B,Appendectomy,Acute Appendicitis,31,3,82900.0,1,None,0
C1872,P84626,2026-06-17,Hospital D,C-Section,Obstructed Labour,36,3,102400.0,1,None,0
C1873,P17235,2026-06-17,Hospital D,Knee Replacement,Osteoarthritis,67,4,309000.0,0,None,0
C1874,P73562,2026-06-17,Hospital B,Angioplasty,Coronary Artery Disease,52,2,154700.0,2,None,0
C1875,P43718,2026-06-17,Hospital B,Angioplasty,Coronary Artery Disease,66,2,196900.0,2,None,0
C1876,P75236,2026-06-17,Hospital H,Angioplasty,Coronary Artery Disease,52,2,362100.0,4,None,0
C1877,P55347,2026-06-17,Hospital H,Appendectomy,Acute Appendicitis,34,3,102100.0,1,None,0
C1878,P60445,2026-06-17,Hospital A,Angioplasty,Coronary Artery Disease,65,3,211800.0,0,None,0
C1879,P34057,2026-06-17,Hospital C,C-Section,Obstructed Labour,29,3,115600.0,0,None,0
C1880,P58441,2026-06-17,Hospital F,Cataract Surgery,Cataract,68,0,54900.0,2,None,0
C1881,P60599,2026-06-17,Hospital C,C-Section,Obstructed Labour,22,4,83600.0,1,None,0
C1882,P55125,2026-06-17,Hospital C,Angioplasty,Coronary Artery Disease,72,2,256900.0,3,None,0
C1883,P55040,2026-06-18,Hospital H,Angioplasty,Coronary Artery Disease,54,3,222300.0,0,None,0
C1884,P73697,2026-06-18,Hospital A,Appendectomy,Acute Appendicitis,24,2,78800.0,2,None,0
C1885,P34946,2026-06-18,Hospital A,Angioplasty,Coronary Artery Disease,65,0,241300.0,1,Abnormal Length of Stay,1
C1886,P81866,2026-06-18,Hospital A,Appendectomy,Acute Appendicitis,49,2,75700.0,2,None,0
C1887,P42212,2026-06-18,Hospital B,Knee Replacement,Osteoarthritis,71,4,312300.0,1,None,0
C1888,P52750,2026-06-18,Hospital G,Cataract Surgery,Cataract,68,0,57700.0,1,None,0
C1889,P60434,2026-06-18,Hospital H,Angioplasty,Coronary Artery Disease,65,2,376200.0,1,None,0
C1890,P66892,2026-06-18,Hospital F,Cataract Surgery,Cataract,58,1,50500.0,3,None,0
C1891,P38609,2026-06-18,Hospital H,Angioplasty,Coronary Artery Disease,72,2,365500.0,2,None,0
C1892,P43401,2026-06-18,Hospital F,Cataract Surgery,Cataract,51,1,43200.0,4,None,0
C1893,P19193,2026-06-18,Hospital B,Knee Replacement,Osteoarthritis,70,4,261400.0,3,None,0
C1894,P73463,2026-06-19,Hospital G,Cataract Surgery,Cataract,50,0,53600.0,3,None,0
C1895,P63835,2026-06-19,Hospital E,Appendectomy,Acute Appendicitis,53,3,94500.0,4,None,0
C1896,P58329,2026-06-19,Hospital D,Knee Replacement,Osteoarthritis,64,3,336800.0,4,None,0
C1897,P24853,2026-06-19,Hospital E,C-Section,Obstructed Labour,23,3,95300.0,0,None,0
C1898,P54973,2026-06-19,Hospital F,Cataract Surgery,Cataract,79,1,74900.0,0,Inflated Billing,1
C1899,P85962,2026-06-19,Hospital G,Angioplasty,Coronary Artery Disease,72,3,170600.0,0,None,0
C1900,P89139,2026-06-19,Hospital D,Appendectomy,Acute Appendicitis,21,3,66300.0,1,None,0
C1901,P44954,2026-06-19,Hospital B,C-Section,Obstructed Labour,36,3,80500.0,3,None,0
C1902,P98857,2026-06-19,Hospital A,Appendectomy,Acute Appendicitis,37,2,64400.0,2,None,0
C1903,P11285,2026-06-19,Hospital H,Knee Replacement,Osteoarthritis,73,4,387400.0,2,None,0
C1904,P97498,2026-06-19,Hospital B,C-Section,Osteoarthritis,28,3,92000.0,3,Diagnosis Mismatch,1
C1905,P52102,2026-06-19,Hospital C,Cataract Surgery,Cataract,76,1,119500.0,3,Inflated Billing,1
C1906,P28507,2026-06-19,Hospital G,Appendectomy,Acute Appendicitis,20,3,56800.0,1,None,0
C1907,P96311,2026-06-20,Hospital G,Cataract Surgery,Cataract,60,0,42800.0,1,None,0
C1908,P60214,2026-06-20,Hospital D,Cataract Surgery,Cataract,62,0,31900.0,2,None,0
C1909,P95622,2026-06-20,Hospital G,Appendectomy,Acute Appendicitis,38,2,74700.0,3,None,0
C1910,P87771,2026-06-20,Hospital C,Appendectomy,Acute Appendicitis,48,3,61500.0,2,None,0
C1911,P35654,2026-06-20,Hospital F,Knee Replacement,Osteoarthritis,64,4,304700.0,0,None,0
C1912,P35262,2026-06-20,Hospital A,Knee Replacement,Osteoarthritis,74,4,263800.0,4,None,0
C1913,P52326,2026-06-20,Hospital H,Cataract Surgery,Cataract,64,1,72100.0,4,None,0
C1914,P63834,2026-06-20,Hospital G,Angioplasty,Coronary Artery Disease,57,3,214700.0,1,None,0
C1915,P82173,2026-06-20,Hospital B,Cataract Surgery,Cataract,53,1,34900.0,1,None,0
C1916,P87373,2026-06-20,Hospital G,C-Section,Obstructed Labour,23,3,226500.0,1,Inflated Billing,1
C1917,P98272,2026-06-20,Hospital D,C-Section,Obstructed Labour,26,4,116000.0,1,None,0
C1918,P40422,2026-06-20,Hospital A,Appendectomy,Acute Appendicitis,25,2,82000.0,2,None,0
C1919,P64357,2026-06-20,Hospital H,Cataract Surgery,Cataract,76,1,47700.0,2,None,0
C1920,P87869,2026-06-20,Hospital C,Angioplasty,Coronary Artery Disease,62,2,179800.0,3,None,0
C1921,P58694,2026-06-21,Hospital G,Appendectomy,Acute Appendicitis,19,2,54100.0,2,None,0
C1922,P39870,2026-06-21,Hospital G,Appendectomy,Acute Appendicitis,18,2,67000.0,3,None,0
C1923,P92645,2026-06-21,Hospital E,Knee Replacement,Osteoarthritis,63,3,348500.0,1,None,0
C1924,P99176,2026-06-21,Hospital F,C-Section,Obstructed Labour,24,3,162100.0,2,Inflated Billing,1
C1925,P62267,2026-06-21,Hospital C,Angioplasty,Coronary Artery Disease,61,2,197900.0,1,None,0
C1926,P81612,2026-06-21,Hospital A,C-Section,Obstructed Labour,24,4,102600.0,1,None,0
C1927,P69481,2026-06-21,Hospital H,C-Section,Obstructed Labour,22,4,107000.0,4,None,0
C1928,P46057,2026-06-21,Hospital C,Knee Replacement,Osteoarthritis,70,3,310300.0,1,None,0
C1929,P14006,2026-06-21,Hospital F,Appendectomy,Acute Appendicitis,51,3,58600.0,1,None,0
C1930,P12031,2026-06-21,Hospital E,Cataract Surgery,Cataract,70,0,76400.0,1,None,0
C1931,P99658,2026-06-21,Hospital G,Appendectomy,Acute Appendicitis,20,3,77500.0,2,None,0
C1932,P31129,2026-06-21,Hospital E,Cataract Surgery,Cataract,51,0,51800.0,6,None,0
C1933,P48499,2026-06-22,Hospital C,C-Section,Obstructed Labour,33,3,94700.0,0,None,0
C1934,P47552,2026-06-22,Hospital A,Cataract Surgery,Cataract,64,1,48400.0,1,None,0
C1935,P52264,2026-06-22,Hospital A,Angioplasty,Coronary Artery Disease,68,3,267300.0,3,None,0
C1936,P58928,2026-06-22,Hospital C,Angioplasty,Coronary Artery Disease,74,3,245100.0,5,None,0
C1937,P23754,2026-06-22,Hospital E,C-Section,Obstructed Labour,37,4,150000.0,1,None,0
C1938,P80166,2026-06-22,Hospital H,Cataract Surgery,Cataract,64,1,65400.0,4,None,0
C1939,P30072,2026-06-22,Hospital F,Angioplasty,Coronary Artery Disease,66,3,191400.0,4,None,0
C1940,P18010,2026-06-22,Hospital G,Cataract Surgery,Cataract,55,0,44300.0,0,None,0
C1941,P74393,2026-06-22,Hospital H,C-Section,Obstructed Labour,33,4,146200.0,0,None,0
C1942,P10219,2026-06-22,Hospital B,Angioplasty,Coronary Artery Disease,64,3,247600.0,1,None,0
C1943,P31199,2026-06-22,Hospital E,Angioplasty,Coronary Artery Disease,68,2,330100.0,0,None,0
C1944,P50418,2026-06-22,Hospital G,Angioplasty,Coronary Artery Disease,63,2,253400.0,2,None,0
C1945,P66892,2026-06-22,Hospital F,Cataract Surgery,Cataract,58,1,50500.0,3,Duplicate Claim,1
C1946,P17905,2026-06-23,Hospital B,Knee Replacement,Osteoarthritis,74,4,318100.0,3,None,0
C1947,P93070,2026-06-23,Hospital A,Angioplasty,Coronary Artery Disease,58,2,243500.0,3,None,0
C1948,P36862,2026-06-23,Hospital E,Knee Replacement,Osteoarthritis,57,4,324000.0,1,None,0
C1949,P28260,2026-06-23,Hospital A,Cataract Surgery,Cataract,50,1,56600.0,0,None,0
C1950,P16963,2026-06-23,Hospital H,Cataract Surgery,Cataract,75,0,49000.0,0,None,0
C1951,P78838,2026-06-23,Hospital E,Cataract Surgery,Cataract,73,1,70500.0,3,None,0
C1952,P97815,2026-06-23,Hospital E,Cataract Surgery,Cataract,57,1,66300.0,6,None,0
C1953,P63922,2026-06-23,Hospital E,C-Section,Obstructed Labour,30,3,201000.0,7,Provider Outlier,1
C1954,P25311,2026-06-23,Hospital G,Knee Replacement,Osteoarthritis,62,3,295900.0,0,None,0
C1955,P75116,2026-06-23,Hospital H,Appendectomy,Acute Appendicitis,16,2,88500.0,5,None,0
C1956,P41787,2026-06-23,Hospital G,C-Section,Obstructed Labour,32,4,109600.0,2,None,0
C1957,P28977,2026-06-23,Hospital C,C-Section,Obstructed Labour,28,4,62700.0,1,None,0
C1958,P75874,2026-06-23,Hospital A,Angioplasty,Coronary Artery Disease,73,3,179300.0,1,None,0
C1959,P79922,2026-06-23,Hospital D,Angioplasty,Coronary Artery Disease,70,3,223100.0,3,None,0
C1960,P80340,2026-06-23,Hospital A,C-Section,Obstructed Labour,36,3,82200.0,2,None,0
C1961,P18693,2026-06-23,Hospital D,Cataract Surgery,Cataract,70,0,38000.0,2,None,0
C1962,P99191,2026-06-23,Hospital E,Cataract Surgery,Cataract,78,1,79900.0,3,None,0
C1963,P52326,2026-06-23,Hospital H,Cataract Surgery,Cataract,64,1,72100.0,4,Duplicate Claim,1
C1964,P10051,2026-06-24,Hospital D,Angioplasty,Coronary Artery Disease,64,2,164300.0,2,None,0
C1965,P35589,2026-06-24,Hospital E,Cataract Surgery,Cataract,52,1,65600.0,1,None,0
C1966,P53493,2026-06-24,Hospital D,Knee Replacement,Osteoarthritis,74,3,345000.0,4,None,0
C1967,P70735,2026-06-24,Hospital E,Appendectomy,Acute Appendicitis,39,2,114900.0,1,None,0
C1968,P35654,2026-06-24,Hospital F,Knee Replacement,Osteoarthritis,64,4,304700.0,0,Duplicate Claim,1
C1969,P66786,2026-06-24,Hospital H,Cataract Surgery,Cataract,72,0,64300.0,1,None,0
C1970,P82103,2026-06-24,Hospital F,Angioplasty,Coronary Artery Disease,70,3,255300.0,1,None,0
C1971,P63006,2026-06-24,Hospital E,Cataract Surgery,Cataract,56,1,141400.0,2,Inflated Billing,1
C1972,P60400,2026-06-24,Hospital D,C-Section,Obstructed Labour,33,3,80000.0,1,None,0
C1973,P67101,2026-06-25,Hospital C,C-Section,Obstructed Labour,31,3,100400.0,1,None,0
C1974,P71847,2026-06-25,Hospital F,Knee Replacement,Osteoarthritis,70,4,294000.0,2,None,0
C1975,P72159,2026-06-25,Hospital F,Knee Replacement,Osteoarthritis,65,3,260900.0,1,None,0
C1976,P74989,2026-06-25,Hospital B,Cataract Surgery,Cataract,56,1,105500.0,3,Inflated Billing,1
C1977,P60055,2026-06-25,Hospital D,Angioplasty,Coronary Artery Disease,65,3,276500.0,2,None,0
C1978,P96191,2026-06-25,Hospital B,C-Section,Obstructed Labour,22,3,107900.0,1,None,0
C1979,P27008,2026-06-25,Hospital D,Appendectomy,Acute Appendicitis,30,3,187100.0,1,Inflated Billing,1
C1980,P51190,2026-06-25,Hospital D,Appendectomy,Acute Appendicitis,37,2,82400.0,1,None,0
C1981,P42030,2026-06-25,Hospital B,Angioplasty,Coronary Artery Disease,62,2,241500.0,3,None,0
C1982,P49607,2026-06-25,Hospital A,Cataract Surgery,Cataract,74,0,52000.0,4,None,0
C1983,P41235,2026-06-25,Hospital C,Angioplasty,Coronary Artery Disease,53,3,251300.0,3,None,0
C1984,P99127,2026-06-25,Hospital H,Cataract Surgery,Cataract,74,1,63800.0,2,None,0
C1985,P28884,2026-06-25,Hospital E,Cataract Surgery,Cataract,58,0,49900.0,0,None,0
C1986,P20205,2026-06-25,Hospital G,Appendectomy,Acute Appendicitis,32,3,51000.0,1,None,0
C1987,P15816,2026-06-25,Hospital A,Appendectomy,Acute Appendicitis,59,3,62400.0,1,None,0
C1988,P58895,2026-06-26,Hospital D,Cataract Surgery,Cataract,59,0,30000.0,2,None,0
C1989,P91244,2026-06-26,Hospital A,Angioplasty,Coronary Artery Disease,63,2,297200.0,0,None,0
C1990,P94029,2026-06-26,Hospital E,Appendectomy,Acute Appendicitis,59,3,95500.0,2,None,0
C1991,P68302,2026-06-26,Hospital A,Knee Replacement,Osteoarthritis,55,3,283700.0,1,None,0
C1992,P36392,2026-06-26,Hospital A,Angioplasty,Coronary Artery Disease,72,2,251300.0,3,None,0
C1993,P82614,2026-06-26,Hospital C,Appendectomy,Acute Appendicitis,58,2,86800.0,0,None,0
C1994,P20084,2026-06-26,Hospital F,Appendectomy,Acute Appendicitis,35,3,51600.0,1,None,0
C1995,P72642,2026-06-26,Hospital D,Knee Replacement,Osteoarthritis,63,3,335200.0,6,None,0
C1996,P61096,2026-06-26,Hospital B,Appendectomy,Acute Appendicitis,38,3,64800.0,1,None,0
C1997,P35829,2026-06-26,Hospital D,C-Section,Obstructed Labour,28,4,66400.0,1,None,0
C1998,P40427,2026-06-26,Hospital A,C-Section,Obstructed Labour,22,3,106500.0,2,None,0
C1999,P72639,2026-06-27,Hospital G,Appendectomy,Acute Appendicitis,53,2,71900.0,3,None,0
C2000,P69993,2026-06-27,Hospital H,Angioplasty,Coronary Artery Disease,50,3,275000.0,3,None,0
C2001,P57224,2026-06-27,Hospital H,Angioplasty,Osteoarthritis,66,3,232400.0,2,Diagnosis Mismatch,1
C2002,P14731,2026-06-27,Hospital H,Cataract Surgery,Cataract,79,1,63900.0,3,None,0
C2003,P34890,2026-06-27,Hospital D,Cataract Surgery,Cataract,52,0,53100.0,0,None,0
C2004,P36472,2026-06-27,Hospital C,Appendectomy,Acute Appendicitis,41,2,63500.0,1,None,0
C2005,P58863,2026-06-27,Hospital A,Knee Replacement,Osteoarthritis,72,3,345200.0,5,None,0
C2006,P30214,2026-06-27,Hospital E,Appendectomy,Acute Appendicitis,33,3,100300.0,1,None,0
C2007,P43143,2026-06-27,Hospital D,Cataract Surgery,Cataract,58,1,54700.0,3,None,0
C2008,P10809,2026-06-28,Hospital H,Appendectomy,Acute Appendicitis,42,2,100700.0,1,None,0
C2009,P16727,2026-06-28,Hospital B,C-Section,Obstructed Labour,28,4,86100.0,3,None,0
C2010,P64664,2026-06-28,Hospital E,Appendectomy,Acute Appendicitis,55,3,118500.0,2,None,0
C2011,P41057,2026-06-28,Hospital B,C-Section,Obstructed Labour,30,3,79100.0,4,None,0
C2012,P64649,2026-06-28,Hospital H,Cataract Surgery,Cataract,53,0,52000.0,4,None,0
C2013,P26220,2026-06-29,Hospital F,Cataract Surgery,Cataract,75,9,49600.0,2,Abnormal Length of Stay,1
C2014,P41355,2026-06-29,Hospital F,Angioplasty,Coronary Artery Disease,62,2,219400.0,2,None,0
C2015,P54816,2026-06-29,Hospital H,Appendectomy,Acute Appendicitis,32,2,77700.0,1,None,0
C2016,P59732,2026-06-29,Hospital F,Knee Replacement,Osteoarthritis,68,3,284900.0,1,None,0
C2017,P45140,2026-06-29,Hospital B,C-Section,Obstructed Labour,32,3,98600.0,0,None,0
C2018,P93959,2026-06-29,Hospital C,Appendectomy,Acute Appendicitis,48,2,60100.0,0,None,0
C2019,P31821,2026-06-29,Hospital E,C-Section,Obstructed Labour,34,3,134200.0,2,None,0
C2020,P50762,2026-06-29,Hospital A,Knee Replacement,Osteoarthritis,58,3,252000.0,4,None,0
C2021,P28198,2026-06-30,Hospital D,Knee Replacement,Osteoarthritis,73,3,277000.0,2,None,0
C2022,P74427,2026-06-30,Hospital B,C-Section,Obstructed Labour,29,4,112700.0,1,None,0
C2023,P79060,2026-06-30,Hospital G,Angioplasty,Coronary Artery Disease,50,2,236000.0,1,None,0
C2024,P86521,2026-06-30,Hospital A,Knee Replacement,Osteoarthritis,57,3,323500.0,1,None,0
C2025,P46168,2026-06-30,Hospital H,C-Section,Obstructed Labour,26,3,140500.0,1,None,0
C2026,P20002,2026-06-30,Hospital E,C-Section,Obstructed Labour,29,3,109200.0,3,None,0
C2027,P99533,2026-06-30,Hospital B,Angioplasty,Coronary Artery Disease,69,3,277200.0,2,None,0
C2028,P31649,2026-06-30,Hospital G,Appendectomy,Acute Appendicitis,53,2,84700.0,0,None,0
C2029,P61174,2026-07-01,Hospital H,Knee Replacement,Osteoarthritis,72,3,313900.0,1,None,0
C2030,P44427,2026-07-01,Hospital C,Appendectomy,Acute Appendicitis,59,2,60600.0,2,None,0
C2031,P70941,2026-07-01,Hospital C,Angioplasty,Coronary Artery Disease,50,2,173200.0,2,None,0
C2032,P14050,2026-07-01,Hospital H,Appendectomy,Acute Appendicitis,12,3,98800.0,0,None,0
C2033,P90409,2026-07-01,Hospital F,Appendectomy,Acute Appendicitis,40,2,67800.0,2,None,0
C2034,P70820,2026-07-01,Hospital G,Knee Replacement,Osteoarthritis,60,4,280700.0,2,None,0
C2035,P48538,2026-07-01,Hospital A,C-Section,Obstructed Labour,29,4,147400.0,7,Inflated Billing,1
C2036,P79037,2026-07-01,Hospital A,Angioplasty,Coronary Artery Disease,65,3,295700.0,1,None,0
C2037,P15342,2026-07-01,Hospital B,C-Section,Obstructed Labour,26,4,92700.0,4,None,0
C2038,P57284,2026-07-02,Hospital A,C-Section,Obstructed Labour,35,3,77300.0,2,None,0
C2039,P15616,2026-07-02,Hospital E,Angioplasty,Coronary Artery Disease,51,2,470400.0,2,Inflated Billing,1
C2040,P63987,2026-07-02,Hospital D,Cataract Surgery,Cataract,63,0,32100.0,2,None,0
C2041,P31921,2026-07-02,Hospital G,C-Section,Obstructed Labour,27,4,79500.0,2,None,0
C2042,P98312,2026-07-02,Hospital F,Appendectomy,Acute Appendicitis,47,3,84000.0,5,None,0
C2043,P95152,2026-07-02,Hospital B,Knee Replacement,Osteoarthritis,56,3,264600.0,3,None,0
C2044,P30681,2026-07-02,Hospital E,Appendectomy,Acute Appendicitis,28,2,108000.0,5,None,0
C2045,P35767,2026-07-02,Hospital D,C-Section,Obstructed Labour,26,4,93800.0,0,None,0
C2046,P85923,2026-07-02,Hospital B,C-Section,Obstructed Labour,24,3,71200.0,1,None,0
C2047,P67407,2026-07-02,Hospital F,Knee Replacement,Osteoarthritis,73,3,252200.0,4,None,0
C2048,P77562,2026-07-02,Hospital C,Cataract Surgery,Cataract,58,0,51800.0,3,None,0
C2049,P76223,2026-07-02,Hospital A,Knee Replacement,Osteoarthritis,63,3,268600.0,2,None,0
C2050,P22231,2026-07-02,Hospital F,Knee Replacement,Osteoarthritis,66,3,270100.0,1,None,0
C2051,P32099,2026-07-02,Hospital A,Angioplasty,Coronary Artery Disease,71,3,172100.0,1,None,0
C2052,P44339,2026-07-02,Hospital C,C-Section,Obstructed Labour,28,4,78700.0,0,None,0
C2053,P30286,2026-07-02,Hospital H,C-Section,Obstructed Labour,27,3,120900.0,1,None,0
C2054,P49448,2026-07-03,Hospital E,Cataract Surgery,Cataract,57,1,78500.0,0,None,0
C2055,P30035,2026-07-03,Hospital C,Appendectomy,Acute Appendicitis,56,2,51200.0,2,None,0
C2056,P56439,2026-07-03,Hospital A,Knee Replacement,Osteoarthritis,66,3,255300.0,1,None,0
C2057,P26426,2026-07-03,Hospital A,Angioplasty,Coronary Artery Disease,51,2,262600.0,2,None,0
C2058,P88655,2026-07-03,Hospital G,Appendectomy,Acute Appendicitis,53,2,51900.0,4,None,0
C2059,P85621,2026-07-03,Hospital C,Cataract Surgery,Cataract,50,0,113600.0,0,Inflated Billing,1
C2060,P70496,2026-07-03,Hospital H,Angioplasty,Coronary Artery Disease,65,3,293700.0,5,None,0
C2061,P29891,2026-07-03,Hospital D,C-Section,Obstructed Labour,32,4,118100.0,1,None,0
C2062,P82452,2026-07-03,Hospital F,Appendectomy,Acute Appendicitis,31,2,74400.0,3,None,0
C2063,P10400,2026-07-03,Hospital H,C-Section,Obstructed Labour,27,3,157000.0,3,None,0
C2064,P95766,2026-07-04,Hospital D,Knee Replacement,Osteoarthritis,74,3,335000.0,4,None,0
C2065,P37713,2026-07-04,Hospital D,Knee Replacement,Osteoarthritis,74,4,258800.0,1,None,0
C2066,P19212,2026-07-04,Hospital H,C-Section,Obstructed Labour,36,3,139600.0,1,None,0
C2067,P51218,2026-07-04,Hospital A,Angioplasty,Coronary Artery Disease,50,3,228300.0,1,None,0
C2068,P25586,2026-07-04,Hospital C,Cataract Surgery,Cataract,64,1,47300.0,1,None,0
C2069,P78015,2026-07-04,Hospital A,Knee Replacement,Osteoarthritis,74,4,346000.0,2,None,0
C2070,P32981,2026-07-04,Hospital H,Knee Replacement,Osteoarthritis,66,3,384700.0,3,None,0
C2071,P76903,2026-07-04,Hospital C,C-Section,Obstructed Labour,24,4,62600.0,3,None,0
C2072,P35816,2026-07-04,Hospital A,Cataract Surgery,Cataract,77,1,39500.0,3,None,0
C2073,P95280,2026-07-04,Hospital C,Cataract Surgery,Cataract,76,0,56100.0,0,None,0
C2074,P83616,2026-07-04,Hospital B,Cataract Surgery,Cataract,64,1,33300.0,2,None,0
C2075,P37701,2026-07-04,Hospital D,C-Section,Obstructed Labour,24,3,67900.0,2,None,0
C2076,P85055,2026-07-04,Hospital H,C-Section,Obstructed Labour,25,4,111300.0,1,None,0
C2077,P39294,2026-07-04,Hospital G,Angioplasty,Coronary Artery Disease,60,2,248600.0,2,None,0
C2078,P41964,2026-07-04,Hospital E,Knee Replacement,Osteoarthritis,61,4,435400.0,1,None,0
C2079,P49203,2026-07-04,Hospital H,Angioplasty,Coronary Artery Disease,73,3,263900.0,4,None,0
C2080,P53451,2026-07-04,Hospital F,C-Section,Obstructed Labour,26,3,92600.0,0,None,0
C2081,P60356,2026-07-05,Hospital H,Appendectomy,Acute Appendicitis,12,2,104400.0,1,None,0
C2082,P22692,2026-07-05,Hospital C,C-Section,Obstructed Labour,30,3,70600.0,0,None,0
C2083,P40068,2026-07-05,Hospital G,Angioplasty,Coronary Artery Disease,65,2,238700.0,3,None,0
C2084,P97181,2026-07-05,Hospital D,Cataract Surgery,Cataract,72,1,53700.0,2,None,0
C2085,P54671,2026-07-05,Hospital B,C-Section,Obstructed Labour,36,3,111100.0,1,None,0
C2086,P43658,2026-07-05,Hospital H,C-Section,Osteoarthritis,27,3,106900.0,0,Diagnosis Mismatch,1
C2087,P57232,2026-07-05,Hospital C,Cataract Surgery,Cataract,60,1,36800.0,1,None,0
C2088,P46559,2026-07-05,Hospital D,Cataract Surgery,Cataract,70,1,52600.0,2,None,0
C2089,P76566,2026-07-05,Hospital H,Appendectomy,Acute Appendicitis,35,3,118600.0,4,None,0
C2090,P65086,2026-07-05,Hospital G,Knee Replacement,Osteoarthritis,60,3,314000.0,5,None,0
C2091,P44326,2026-07-05,Hospital C,Angioplasty,Coronary Artery Disease,58,3,242300.0,1,None,0
C2092,P85888,2026-07-05,Hospital E,Cataract Surgery,Cataract,62,0,73700.0,3,None,0
C2093,P37935,2026-07-05,Hospital G,Angioplasty,Coronary Artery Disease,55,3,221200.0,1,None,0
C2094,P63597,2026-07-05,Hospital B,Angioplasty,Coronary Artery Disease,54,2,207900.0,2,None,0
C2095,P66955,2026-07-06,Hospital B,Cataract Surgery,Cataract,55,0,35300.0,3,None,0
C2096,P25227,2026-07-06,Hospital E,C-Section,Obstructed Labour,30,4,107000.0,1,None,0
C2097,P93470,2026-07-06,Hospital C,Angioplasty,Coronary Artery Disease,65,2,153700.0,2,None,0
C2098,P74656,2026-07-06,Hospital G,Knee Replacement,Osteoarthritis,66,3,258000.0,4,None,0
C2099,P74601,2026-07-06,Hospital A,C-Section,Obstructed Labour,27,4,102000.0,2,None,0
C2100,P41420,2026-07-07,Hospital B,C-Section,Obstructed Labour,36,4,119500.0,2,None,0
C2101,P43528,2026-07-07,Hospital F,Appendectomy,Acute Appendicitis,28,3,87600.0,2,None,0
C2102,P99344,2026-07-07,Hospital E,Cataract Surgery,Cataract,54,0,50600.0,1,None,0
C2103,P30539,2026-07-07,Hospital C,C-Section,Obstructed Labour,35,4,220400.0,1,Inflated Billing,1
C2104,P46549,2026-07-07,Hospital G,Knee Replacement,Osteoarthritis,74,4,272400.0,2,None,0
C2105,P39892,2026-07-07,Hospital C,C-Section,Obstructed Labour,23,4,99500.0,4,None,0
C2106,P46026,2026-07-07,Hospital G,Knee Replacement,Osteoarthritis,58,4,252800.0,1,None,0
C2107,P12788,2026-07-07,Hospital H,Knee Replacement,Osteoarthritis,64,4,305500.0,3,None,0
C2108,P93690,2026-07-07,Hospital B,Angioplasty,Coronary Artery Disease,55,3,267200.0,2,None,0
C2109,P41290,2026-07-07,Hospital C,Appendectomy,Acute Appendicitis,32,2,59900.0,5,None,0
C2110,P93474,2026-07-07,Hospital A,Appendectomy,Acute Appendicitis,36,2,54900.0,1,None,0
C2111,P36357,2026-07-07,Hospital A,Cataract Surgery,Cataract,68,0,44600.0,1,None,0
C2112,P59029,2026-07-07,Hospital E,Angioplasty,Coronary Artery Disease,73,2,395000.0,1,None,0
C2113,P77814,2026-07-07,Hospital E,Cataract Surgery,Cataract,65,0,70400.0,2,None,0
C2114,P40068,2026-07-07,Hospital G,Angioplasty,Coronary Artery Disease,65,2,238700.0,3,Duplicate Claim,1
C2115,P86864,2026-07-08,Hospital H,Cataract Surgery,Cataract,63,0,44400.0,2,None,0
C2116,P77599,2026-07-08,Hospital A,Angioplasty,Coronary Artery Disease,53,3,278200.0,1,None,0
C2117,P64518,2026-07-08,Hospital G,C-Section,Obstructed Labour,29,3,96300.0,1,None,0
C2118,P52021,2026-07-08,Hospital F,Appendectomy,Acute Appendicitis,15,2,62100.0,3,None,0
C2119,P10141,2026-07-08,Hospital D,Appendectomy,Acute Appendicitis,54,2,51000.0,2,None,0
C2120,P25512,2026-07-08,Hospital E,Angioplasty,Coronary Artery Disease,72,3,339200.0,0,None,0
C2121,P82699,2026-07-08,Hospital F,Angioplasty,Coronary Artery Disease,55,2,274400.0,2,None,0
C2122,P86150,2026-07-08,Hospital G,Cataract Surgery,Cataract,73,0,57800.0,1,None,0
C2123,P18875,2026-07-08,Hospital G,Appendectomy,Acute Appendicitis,16,3,85500.0,2,None,0
C2124,P53788,2026-07-08,Hospital G,Angioplasty,Coronary Artery Disease,63,2,154000.0,3,None,0
C2125,P40136,2026-07-09,Hospital F,C-Section,Obstructed Labour,34,3,112000.0,2,None,0
C2126,P86753,2026-07-09,Hospital G,C-Section,Obstructed Labour,25,4,100500.0,2,None,0
C2127,P83207,2026-07-09,Hospital H,Cataract Surgery,Cataract,58,1,52700.0,0,None,0
C2128,P28683,2026-07-09,Hospital E,Angioplasty,Coronary Artery Disease,53,2,434800.0,8,Provider Outlier,1
C2129,P78227,2026-07-09,Hospital H,C-Section,Obstructed Labour,24,3,145400.0,3,None,0
C2130,P51917,2026-07-09,Hospital G,Appendectomy,Acute Appendicitis,37,3,61700.0,2,None,0
C2131,P85547,2026-07-09,Hospital A,Cataract Surgery,Cataract,59,1,33400.0,2,None,0
C2132,P23358,2026-07-09,Hospital E,Appendectomy,Acute Appendicitis,49,3,118700.0,1,None,0
C2133,P62875,2026-07-09,Hospital G,C-Section,Obstructed Labour,26,4,111400.0,0,None,0
C2134,P16120,2026-07-09,Hospital C,Cataract Surgery,Cataract,73,1,46900.0,3,None,0
C2135,P71466,2026-07-09,Hospital C,Knee Replacement,Osteoarthritis,62,4,340300.0,3,None,0
C2136,P86856,2026-07-10,Hospital C,Knee Replacement,Osteoarthritis,62,4,675100.0,1,Inflated Billing,1
C2137,P42933,2026-07-10,Hospital G,Appendectomy,Acute Appendicitis,20,3,80800.0,1,None,0
C2138,P21597,2026-07-10,Hospital C,Angioplasty,Coronary Artery Disease,74,2,184500.0,1,None,0
C2139,P43277,2026-07-10,Hospital G,Cataract Surgery,Cataract,53,1,43500.0,0,None,0
C2140,P94179,2026-07-10,Hospital H,Appendectomy,Acute Appendicitis,23,2,64700.0,0,None,0
C2141,P10098,2026-07-10,Hospital B,Angioplasty,Coronary Artery Disease,61,3,197900.0,2,None,0
C2142,P88986,2026-07-10,Hospital E,C-Section,Obstructed Labour,23,4,136700.0,0,None,0
C2143,P78251,2026-07-10,Hospital E,Knee Replacement,Osteoarthritis,71,4,330800.0,2,None,0
C2144,P19747,2026-07-10,Hospital D,Angioplasty,Coronary Artery Disease,59,2,291200.0,2,None,0
C2145,P69912,2026-07-10,Hospital F,Knee Replacement,Osteoarthritis,61,4,311400.0,5,None,0
C2146,P29400,2026-07-10,Hospital G,Angioplasty,Coronary Artery Disease,63,2,260000.0,0,None,0
C2147,P92766,2026-07-10,Hospital G,Cataract Surgery,Cataract,69,1,32600.0,1,None,0
C2148,P39892,2026-07-11,Hospital C,C-Section,Obstructed Labour,23,4,99500.0,4,Duplicate Claim,1
C2149,P79620,2026-07-11,Hospital F,Appendectomy,Acute Appendicitis,34,3,71000.0,2,None,0
C2150,P49804,2026-07-11,Hospital E,C-Section,Obstructed Labour,34,4,132700.0,9,Provider Outlier,1
C2151,P15128,2026-07-11,Hospital C,Cataract Surgery,Cataract,58,1,30900.0,0,None,0
C2152,P18998,2026-07-11,Hospital F,Appendectomy,Acute Appendicitis,24,2,57700.0,2,None,0
C2153,P96483,2026-07-11,Hospital F,C-Section,Obstructed Labour,26,3,98200.0,3,None,0
C2154,P88986,2026-07-11,Hospital E,C-Section,Obstructed Labour,23,4,136700.0,0,Duplicate Claim,1
C2155,P12132,2026-07-11,Hospital C,Appendectomy,Acute Appendicitis,43,3,65400.0,1,None,0
C2156,P64518,2026-07-11,Hospital G,C-Section,Obstructed Labour,29,3,96300.0,1,Duplicate Claim,1
C2157,P50713,2026-07-11,Hospital E,C-Section,Obstructed Labour,22,4,115100.0,2,None,0
C2158,P90143,2026-07-11,Hospital A,C-Section,Obstructed Labour,28,4,73700.0,2,None,0
C2159,P59124,2026-07-12,Hospital G,Appendectomy,Acute Appendicitis,31,2,58300.0,0,None,0
C2160,P78641,2026-07-12,Hospital H,Angioplasty,Coronary Artery Disease,66,3,192200.0,4,None,0
C2161,P20886,2026-07-12,Hospital G,Angioplasty,Coronary Artery Disease,66,2,270100.0,2,None,0
C2162,P65092,2026-07-12,Hospital C,Cataract Surgery,Cataract,60,0,31400.0,1,None,0
C2163,P96719,2026-07-12,Hospital B,Angioplasty,Coronary Artery Disease,64,2,220000.0,2,None,0
C2164,P54670,2026-07-12,Hospital B,C-Section,Obstructed Labour,26,4,110000.0,3,None,0
C2165,P28016,2026-07-12,Hospital B,Angioplasty,Coronary Artery Disease,64,2,208800.0,1,None,0
C2166,P53382,2026-07-12,Hospital H,Angioplasty,Coronary Artery Disease,58,2,222100.0,0,None,0
C2167,P90602,2026-07-12,Hospital E,Appendectomy,Acute Appendicitis,41,3,76200.0,4,None,0
C2168,P56695,2026-07-12,Hospital C,Cataract Surgery,Cataract,73,1,41800.0,3,None,0
C2169,P52658,2026-07-13,Hospital D,Angioplasty,Coronary Artery Disease,61,3,215700.0,0,None,0
C2170,P10440,2026-07-13,Hospital D,C-Section,Obstructed Labour,37,4,82600.0,1,None,0
C2171,P16790,2026-07-13,Hospital H,Cataract Surgery,Cataract,70,1,53400.0,1,None,0
C2172,P55705,2026-07-13,Hospital E,Appendectomy,Acute Appendicitis,44,3,85700.0,2,None,0
C2173,P37311,2026-07-13,Hospital F,Angioplasty,Coronary Artery Disease,58,2,203300.0,3,None,0
C2174,P51568,2026-07-13,Hospital A,Knee Replacement,Osteoarthritis,68,3,322200.0,1,None,0
C2175,P17467,2026-07-13,Hospital B,Angioplasty,Coronary Artery Disease,59,2,189800.0,4,None,0
C2176,P78967,2026-07-13,Hospital C,Appendectomy,Acute Appendicitis,14,2,67100.0,1,None,0
C2177,P23739,2026-07-13,Hospital B,Cataract Surgery,Cataract,58,1,52000.0,2,None,0
C2178,P99876,2026-07-13,Hospital B,Cataract Surgery,Cataract,72,0,49900.0,3,None,0
C2179,P74712,2026-07-13,Hospital H,Cataract Surgery,Cataract,57,1,46700.0,2,None,0
C2180,P33199,2026-07-13,Hospital F,Knee Replacement,Osteoarthritis,71,3,319800.0,5,None,0
C2181,P58654,2026-07-13,Hospital H,Angioplasty,Coronary Artery Disease,68,2,258700.0,3,None,0
C2182,P45285,2026-07-14,Hospital B,Angioplasty,Coronary Artery Disease,58,2,554300.0,2,Inflated Billing,1
C2183,P56125,2026-07-14,Hospital H,Knee Replacement,Osteoarthritis,74,3,396100.0,0,None,0
C2184,P54098,2026-07-14,Hospital B,Cataract Surgery,Cataract,51,0,34000.0,3,None,0
C2185,P97750,2026-07-14,Hospital G,Knee Replacement,Osteoarthritis,60,3,286500.0,4,None,0
C2186,P22550,2026-07-14,Hospital H,Angioplasty,Coronary Artery Disease,61,3,206800.0,1,None,0
C2187,P23592,2026-07-14,Hospital H,C-Section,Obstructed Labour,27,4,100700.0,2,None,0
C2188,P43095,2026-07-14,Hospital G,Knee Replacement,Osteoarthritis,59,3,275100.0,1,None,0
C2189,P52196,2026-07-14,Hospital F,C-Section,Obstructed Labour,29,4,75400.0,1,None,0
C2190,P54060,2026-07-14,Hospital D,Knee Replacement,Osteoarthritis,66,4,269000.0,1,None,0
C2191,P98774,2026-07-14,Hospital H,C-Section,Obstructed Labour,33,3,89800.0,6,None,0
C2192,P13872,2026-07-14,Hospital B,Cataract Surgery,Cataract,66,0,31100.0,2,None,0
C2193,P22736,2026-07-14,Hospital D,Angioplasty,Coronary Artery Disease,52,2,221400.0,1,None,0
C2194,P56722,2026-07-15,Hospital F,Knee Replacement,Osteoarthritis,57,4,340400.0,1,None,0
C2195,P95041,2026-07-15,Hospital C,Angioplasty,Coronary Artery Disease,53,3,256700.0,2,None,0
C2196,P59370,2026-07-15,Hospital E,Appendectomy,Acute Appendicitis,52,3,76700.0,1,None,0
C2197,P54252,2026-07-15,Hospital B,Angioplasty,Coronary Artery Disease,50,2,280000.0,3,None,0
C2198,P47078,2026-07-15,Hospital A,Knee Replacement,Osteoarthritis,56,3,299300.0,2,None,0
C2199,P77385,2026-07-15,Hospital F,Angioplasty,Coronary Artery Disease,56,2,220500.0,1,None,0
C2200,P93586,2026-07-15,Hospital H,Angioplasty,Coronary Artery Disease,72,2,322900.0,0,None,0
C2201,P62779,2026-07-15,Hospital B,Angioplasty,Coronary Artery Disease,74,2,223500.0,0,None,0
C2202,P22922,2026-07-15,Hospital G,Angioplasty,Coronary Artery Disease,72,3,275700.0,2,None,0
C2203,P59347,2026-07-15,Hospital D,Appendectomy,Acute Appendicitis,13,3,71500.0,2,None,0
C2204,P31607,2026-07-15,Hospital A,Angioplasty,Coronary Artery Disease,55,3,281700.0,1,None,0
C2205,P18877,2026-07-15,Hospital C,Appendectomy,Acute Appendicitis,34,3,79900.0,2,None,0
C2206,P42646,2026-07-15,Hospital H,Angioplasty,Coronary Artery Disease,63,3,208800.0,0,None,0
C2207,P87343,2026-07-16,Hospital A,Angioplasty,Coronary Artery Disease,55,3,285200.0,1,None,0
C2208,P95998,2026-07-16,Hospital C,Appendectomy,Acute Appendicitis,12,3,51700.0,4,None,0
C2209,P87510,2026-07-16,Hospital C,C-Section,Obstructed Labour,32,4,60900.0,3,None,0
C2210,P52445,2026-07-16,Hospital D,C-Section,Acute Appendicitis,22,4,103700.0,4,Diagnosis Mismatch,1
C2211,P62097,2026-07-16,Hospital E,Angioplasty,Coronary Artery Disease,57,3,245300.0,3,None,0
C2212,P27525,2026-07-16,Hospital G,Angioplasty,Coronary Artery Disease,62,2,243800.0,1,None,0
C2213,P57301,2026-07-16,Hospital F,Angioplasty,Coronary Artery Disease,74,2,201200.0,1,None,0
C2214,P23651,2026-07-16,Hospital B,Cataract Surgery,Cataract,73,1,56100.0,2,None,0
C2215,P52942,2026-07-16,Hospital F,Knee Replacement,Osteoarthritis,70,3,278200.0,1,None,0
C2216,P19523,2026-07-16,Hospital F,Knee Replacement,Osteoarthritis,57,3,720100.0,1,Inflated Billing,1
C2217,P34783,2026-07-16,Hospital A,Cataract Surgery,Obstructed Labour,53,1,35200.0,2,Diagnosis Mismatch,1
C2218,P12038,2026-07-16,Hospital C,Appendectomy,Acute Appendicitis,27,2,84600.0,4,None,0
C2219,P10765,2026-07-16,Hospital A,Angioplasty,Coronary Artery Disease,60,3,245900.0,1,None,0
C2220,P21911,2026-07-16,Hospital H,Angioplasty,Coronary Artery Disease,66,3,402900.0,2,None,0
C2221,P65246,2026-07-16,Hospital E,Cataract Surgery,Cataract,51,0,81400.0,1,None,0
C2222,P36424,2026-07-16,Hospital A,C-Section,Obstructed Labour,26,3,82200.0,3,None,0
C2223,P89643,2026-07-17,Hospital D,Knee Replacement,Osteoarthritis,60,3,287100.0,0,None,0
C2224,P52377,2026-07-17,Hospital D,Cataract Surgery,Cataract,74,1,39300.0,3,None,0
C2225,P89436,2026-07-17,Hospital A,Knee Replacement,Osteoarthritis,63,3,340400.0,1,None,0
C2226,P16610,2026-07-17,Hospital H,Knee Replacement,Osteoarthritis,65,3,356500.0,5,None,0
C2227,P56722,2026-07-17,Hospital F,Knee Replacement,Osteoarthritis,57,4,340400.0,1,Duplicate Claim,1
C2228,P78183,2026-07-17,Hospital F,C-Section,Obstructed Labour,31,4,87000.0,2,None,0
C2229,P69317,2026-07-17,Hospital C,Appendectomy,Acute Appendicitis,20,3,57400.0,2,None,0
C2230,P44319,2026-07-17,Hospital A,Knee Replacement,Osteoarthritis,74,4,286300.0,1,None,0
C2231,P91212,2026-07-17,Hospital H,Appendectomy,Acute Appendicitis,32,2,72900.0,5,None,0
C2232,P39994,2026-07-17,Hospital E,Appendectomy,Acute Appendicitis,41,3,74400.0,1,None,0
C2233,P24500,2026-07-18,Hospital H,Angioplasty,Coronary Artery Disease,72,3,229300.0,0,None,0
C2234,P11869,2026-07-18,Hospital D,Angioplasty,Coronary Artery Disease,50,2,282400.0,1,None,0
C2235,P53263,2026-07-18,Hospital E,Angioplasty,Coronary Artery Disease,64,2,404600.0,2,None,0
C2236,P72855,2026-07-18,Hospital A,C-Section,Obstructed Labour,37,3,110000.0,3,None,0
C2237,P24730,2026-07-18,Hospital H,C-Section,Obstructed Labour,30,3,79700.0,2,None,0
C2238,P40799,2026-07-18,Hospital A,Appendectomy,Acute Appendicitis,41,3,50400.0,1,None,0
C2239,P19456,2026-07-18,Hospital G,C-Section,Obstructed Labour,33,3,99600.0,1,None,0
C2240,P19029,2026-07-18,Hospital E,Angioplasty,Coronary Artery Disease,74,3,365300.0,0,None,0
C2241,P41775,2026-07-18,Hospital A,Knee Replacement,Osteoarthritis,57,3,277800.0,4,None,0
C2242,P28138,2026-07-18,Hospital G,C-Section,Obstructed Labour,33,3,62100.0,1,None,0
C2243,P89365,2026-07-18,Hospital E,Knee Replacement,Osteoarthritis,63,4,377700.0,9,None,0
C2244,P73078,2026-07-18,Hospital A,Knee Replacement,Osteoarthritis,72,4,349800.0,3,None,0
C2245,P12685,2026-07-18,Hospital F,C-Section,Obstructed Labour,35,3,64700.0,0,None,0
C2246,P29794,2026-07-18,Hospital H,C-Section,Obstructed Labour,25,3,140200.0,0,None,0
C2247,P66583,2026-07-18,Hospital E,Cataract Surgery,Cataract,76,7,76400.0,4,Abnormal Length of Stay,1
C2248,P65877,2026-07-19,Hospital H,Appendectomy,Acute Appendicitis,26,2,97400.0,0,None,0
C2249,P10170,2026-07-19,Hospital G,Knee Replacement,Osteoarthritis,71,3,331200.0,3,None,0
C2250,P37134,2026-07-19,Hospital C,Knee Replacement,Osteoarthritis,69,4,322500.0,3,None,0
C2251,P95463,2026-07-19,Hospital D,Cataract Surgery,Cataract,54,1,50600.0,4,None,0
C2252,P58932,2026-07-19,Hospital C,Cataract Surgery,Cataract,74,1,31600.0,4,None,0
C2253,P57055,2026-07-19,Hospital H,Angioplasty,Coronary Artery Disease,70,3,276500.0,2,None,0
C2254,P95898,2026-07-19,Hospital A,Appendectomy,Acute Appendicitis,44,2,65100.0,1,None,0
C2255,P89811,2026-07-19,Hospital H,Knee Replacement,Osteoarthritis,57,3,418100.0,1,None,0
C2256,P59629,2026-07-19,Hospital A,Knee Replacement,Osteoarthritis,69,4,295700.0,2,None,0
C2257,P52460,2026-07-19,Hospital H,Angioplasty,Coronary Artery Disease,69,3,376400.0,0,None,0
C2258,P67598,2026-07-19,Hospital G,Appendectomy,Acute Appendicitis,49,2,81100.0,1,None,0
C2259,P38167,2026-07-19,Hospital G,C-Section,Obstructed Labour,28,0,98900.0,2,Abnormal Length of Stay,1
C2260,P40612,2026-07-20,Hospital E,C-Section,Obstructed Labour,25,4,101100.0,1,None,0
C2261,P45685,2026-07-20,Hospital D,Angioplasty,Coronary Artery Disease,61,2,845500.0,3,Inflated Billing,1
C2262,P31490,2026-07-20,Hospital F,C-Section,Obstructed Labour,27,3,104400.0,1,None,0
C2263,P92726,2026-07-20,Hospital A,C-Section,Obstructed Labour,30,4,104800.0,5,None,0
C2264,P57331,2026-07-20,Hospital A,Cataract Surgery,Cataract,65,1,57200.0,2,None,0
C2265,P72012,2026-07-20,Hospital A,C-Section,Obstructed Labour,22,3,80600.0,2,None,0
C2266,P17989,2026-07-20,Hospital H,Appendectomy,Acute Appendicitis,36,2,108600.0,3,None,0
C2267,P33428,2026-07-20,Hospital H,Knee Replacement,Osteoarthritis,67,4,337900.0,1,None,0
C2268,P27789,2026-07-20,Hospital H,Appendectomy,Acute Appendicitis,13,2,103000.0,2,None,0
C2269,P52994,2026-07-20,Hospital F,Angioplasty,Coronary Artery Disease,65,3,203900.0,1,None,0
C2270,P43244,2026-07-20,Hospital D,Appendectomy,Acute Appendicitis,35,2,74300.0,4,None,0
C2271,P40201,2026-07-20,Hospital H,Knee Replacement,Osteoarthritis,55,3,417400.0,3,None,0
C2272,P92500,2026-07-20,Hospital E,Knee Replacement,Osteoarthritis,71,4,451600.0,2,None,0
C2273,P94469,2026-07-21,Hospital E,C-Section,Obstructed Labour,37,4,98400.0,3,None,0
C2274,P24377,2026-07-21,Hospital D,Knee Replacement,Osteoarthritis,64,4,250100.0,2,None,0
C2275,P34199,2026-07-21,Hospital H,Angioplasty,Coronary Artery Disease,56,2,319200.0,5,None,0
C2276,P19085,2026-07-21,Hospital B,Appendectomy,Acute Appendicitis,34,2,57100.0,2,None,0
C2277,P24032,2026-07-21,Hospital E,Angioplasty,Coronary Artery Disease,61,2,376500.0,3,None,0
C2278,P13953,2026-07-21,Hospital G,C-Section,Obstructed Labour,25,4,99400.0,1,None,0
C2279,P17787,2026-07-21,Hospital F,Appendectomy,Acute Appendicitis,25,2,77000.0,3,None,0
C2280,P99614,2026-07-21,Hospital G,Knee Replacement,Osteoarthritis,62,0,320700.0,8,Abnormal Length of Stay,1
C2281,P59757,2026-07-21,Hospital A,C-Section,Obstructed Labour,30,4,68400.0,5,None,0
C2282,P58294,2026-07-21,Hospital A,Cataract Surgery,Cataract,57,0,46800.0,1,None,0
C2283,P64187,2026-07-21,Hospital B,Knee Replacement,Osteoarthritis,56,4,318600.0,2,None,0
C2284,P90322,2026-07-21,Hospital H,Appendectomy,Acute Appendicitis,25,3,66600.0,3,None,0
C2285,P40957,2026-07-21,Hospital E,Angioplasty,Coronary Artery Disease,72,2,192100.0,3,None,0
C2286,P69990,2026-07-21,Hospital D,Cataract Surgery,Cataract,62,0,52400.0,0,None,0
C2287,P22630,2026-07-22,Hospital B,C-Section,Obstructed Labour,33,4,66400.0,6,None,0
C2288,P19763,2026-07-22,Hospital G,Cataract Surgery,Cataract,68,1,31000.0,3,None,0
C2289,P97835,2026-07-22,Hospital A,Appendectomy,Acute Appendicitis,40,2,83100.0,2,None,0
C2290,P31506,2026-07-22,Hospital E,Knee Replacement,Osteoarthritis,73,3,435200.0,5,None,0
C2291,P38198,2026-07-22,Hospital H,Appendectomy,Acute Appendicitis,45,3,90500.0,0,None,0
C2292,P42384,2026-07-22,Hospital C,C-Section,Obstructed Labour,22,4,116700.0,4,None,0
C2293,P57637,2026-07-22,Hospital F,Angioplasty,Coronary Artery Disease,54,3,231100.0,2,None,0
C2294,P84228,2026-07-23,Hospital B,Knee Replacement,Osteoarthritis,62,4,329300.0,0,None,0
C2295,P89723,2026-07-23,Hospital H,Angioplasty,Coronary Artery Disease,59,3,363100.0,2,None,0
C2296,P96154,2026-07-23,Hospital G,Angioplasty,Coronary Artery Disease,62,2,234100.0,3,None,0
C2297,P29741,2026-07-23,Hospital D,Appendectomy,Acute Appendicitis,14,2,85500.0,2,None,0
C2298,P68667,2026-07-23,Hospital E,Knee Replacement,Osteoarthritis,60,4,382500.0,3,None,0
C2299,P84778,2026-07-23,Hospital G,Angioplasty,Coronary Artery Disease,55,2,231000.0,1,None,0
C2300,P38467,2026-07-23,Hospital A,Appendectomy,Acute Appendicitis,25,3,80100.0,4,None,0
C2301,P14585,2026-07-23,Hospital D,C-Section,Obstructed Labour,27,4,102700.0,2,None,0
C2302,P86047,2026-07-24,Hospital H,Cataract Surgery,Cataract,57,0,130600.0,1,Inflated Billing,1
C2303,P49441,2026-07-24,Hospital B,Knee Replacement,Osteoarthritis,65,4,293300.0,1,None,0
C2304,P51685,2026-07-24,Hospital B,C-Section,Obstructed Labour,37,3,95900.0,4,None,0
C2305,P40891,2026-07-24,Hospital A,Appendectomy,Acute Appendicitis,40,3,52900.0,1,None,0
C2306,P99896,2026-07-24,Hospital A,Angioplasty,Coronary Artery Disease,66,2,236000.0,0,None,0
C2307,P69489,2026-07-24,Hospital G,C-Section,Obstructed Labour,30,4,93300.0,1,None,0
C2308,P80049,2026-07-24,Hospital E,Appendectomy,Acute Appendicitis,32,3,97400.0,2,None,0
C2309,P56832,2026-07-24,Hospital G,C-Section,Obstructed Labour,27,4,116300.0,6,None,0
C2310,P17155,2026-07-24,Hospital F,Appendectomy,Acute Appendicitis,27,3,54400.0,4,None,0
C2311,P46004,2026-07-24,Hospital E,Appendectomy,Acute Appendicitis,16,3,111000.0,8,Provider Outlier,1
C2312,P57022,2026-07-24,Hospital A,C-Section,Obstructed Labour,33,3,90200.0,3,None,0
C2313,P50398,2026-07-24,Hospital D,Cataract Surgery,Cataract,71,1,42100.0,1,None,0
C2314,P93850,2026-07-25,Hospital A,Knee Replacement,Osteoarthritis,60,3,310700.0,2,None,0
C2315,P84353,2026-07-25,Hospital D,Cataract Surgery,Cataract,71,1,36000.0,3,None,0
C2316,P78474,2026-07-25,Hospital H,Cataract Surgery,Cataract,59,1,41700.0,3,None,0
C2317,P24354,2026-07-25,Hospital E,Appendectomy,Acute Appendicitis,19,3,90300.0,1,None,0
C2318,P94227,2026-07-25,Hospital E,Appendectomy,Acute Appendicitis,26,2,104100.0,0,None,0
C2319,P21431,2026-07-25,Hospital G,Knee Replacement,Osteoarthritis,56,4,349200.0,1,None,0
C2320,P22182,2026-07-25,Hospital D,Angioplasty,Coronary Artery Disease,67,3,190200.0,2,None,0
C2321,P64022,2026-07-26,Hospital G,Angioplasty,Coronary Artery Disease,68,3,283900.0,2,None,0
C2322,P65550,2026-07-26,Hospital H,Knee Replacement,Osteoarthritis,60,4,360200.0,1,None,0
C2323,P87646,2026-07-26,Hospital D,Appendectomy,Acute Appendicitis,45,3,53100.0,3,None,0
C2324,P36291,2026-07-26,Hospital F,Knee Replacement,Osteoarthritis,64,4,266800.0,3,None,0
C2325,P45879,2026-07-26,Hospital D,Cataract Surgery,Cataract,63,1,42500.0,3,None,0
C2326,P88573,2026-07-26,Hospital B,Cataract Surgery,Cataract,50,1,58600.0,4,None,0
C2327,P45644,2026-07-26,Hospital G,Appendectomy,Acute Appendicitis,55,3,57000.0,2,None,0
C2328,P98559,2026-07-26,Hospital C,Cataract Surgery,Cataract,52,1,39300.0,4,None,0
C2329,P77848,2026-07-26,Hospital D,Angioplasty,Coronary Artery Disease,56,3,263200.0,3,None,0
C2330,P57944,2026-07-26,Hospital D,Cataract Surgery,Cataract,66,1,54100.0,2,None,0
C2331,P97831,2026-07-27,Hospital G,Angioplasty,Coronary Artery Disease,73,3,290100.0,1,None,0
C2332,P75059,2026-07-27,Hospital D,Angioplasty,Coronary Artery Disease,61,3,248400.0,3,None,0
C2333,P19719,2026-07-27,Hospital B,Knee Replacement,Osteoarthritis,67,3,257700.0,2,None,0
C2334,P59344,2026-07-27,Hospital H,Knee Replacement,Osteoarthritis,64,3,418200.0,4,None,0
C2335,P82134,2026-07-27,Hospital E,Appendectomy,Acute Appendicitis,58,3,93200.0,2,None,0
C2336,P91092,2026-07-27,Hospital G,Angioplasty,Coronary Artery Disease,57,2,185500.0,1,None,0
C2337,P63896,2026-07-28,Hospital B,Angioplasty,Coronary Artery Disease,62,2,294800.0,1,None,0
C2338,P57327,2026-07-28,Hospital H,Knee Replacement,Osteoarthritis,56,3,343600.0,1,None,0
C2339,P80835,2026-07-28,Hospital G,C-Section,Obstructed Labour,34,3,64400.0,2,None,0
C2340,P35433,2026-07-28,Hospital C,C-Section,Obstructed Labour,36,4,107000.0,4,None,0
C2341,P89156,2026-07-28,Hospital F,Cataract Surgery,Cataract,77,0,41500.0,3,None,0
C2342,P60669,2026-07-28,Hospital E,Cataract Surgery,Cataract,56,0,60100.0,2,None,0
C2343,P88903,2026-07-28,Hospital B,Angioplasty,Coronary Artery Disease,57,2,264700.0,3,None,0
C2344,P26799,2026-07-28,Hospital D,Angioplasty,Coronary Artery Disease,69,3,180900.0,0,None,0
C2345,P43128,2026-07-28,Hospital H,C-Section,Obstructed Labour,34,3,91600.0,2,None,0
C2346,P66101,2026-07-28,Hospital D,Cataract Surgery,Cataract,71,1,54400.0,1,None,0
C2347,P52414,2026-07-28,Hospital D,Cataract Surgery,Cataract,52,0,37500.0,2,None,0
C2348,P57531,2026-07-28,Hospital D,Cataract Surgery,Cataract,76,0,53800.0,0,None,0
C2349,P92945,2026-07-29,Hospital A,Knee Replacement,Osteoarthritis,63,4,315800.0,4,None,0
C2350,P55735,2026-07-29,Hospital E,Appendectomy,Acute Appendicitis,13,2,78200.0,4,None,0
C2351,P14431,2026-07-29,Hospital A,C-Section,Obstructed Labour,32,3,67400.0,3,None,0
C2352,P30719,2026-07-29,Hospital D,C-Section,Obstructed Labour,27,4,98800.0,1,None,0
C2353,P60384,2026-07-29,Hospital C,Knee Replacement,Osteoarthritis,72,3,347800.0,4,None,0
C2354,P11747,2026-07-29,Hospital E,Angioplasty,Coronary Artery Disease,72,3,262100.0,2,None,0
C2355,P13831,2026-07-29,Hospital G,Knee Replacement,Osteoarthritis,63,3,266000.0,1,None,0
C2356,P18534,2026-07-30,Hospital D,Appendectomy,Acute Appendicitis,44,3,73700.0,5,None,0
C2357,P39623,2026-07-30,Hospital C,Knee Replacement,Acute Appendicitis,55,3,295800.0,1,Diagnosis Mismatch,1
C2358,P14178,2026-07-30,Hospital E,C-Section,Obstructed Labour,23,3,82800.0,1,None,0
C2359,P73796,2026-07-30,Hospital C,Angioplasty,Coronary Artery Disease,56,3,155200.0,0,None,0
C2360,P47111,2026-07-30,Hospital H,Angioplasty,Coronary Artery Disease,63,3,265700.0,2,None,0
C2361,P92023,2026-07-30,Hospital H,Appendectomy,Acute Appendicitis,18,3,88000.0,2,None,0
C2362,P77321,2026-07-30,Hospital B,Cataract Surgery,Cataract,69,0,46700.0,3,None,0
C2363,P61137,2026-07-30,Hospital H,Angioplasty,Coronary Artery Disease,51,3,254200.0,3,None,0
C2364,P85653,2026-07-30,Hospital B,C-Section,Obstructed Labour,32,4,74200.0,1,None,0
C2365,P13127,2026-07-30,Hospital B,Knee Replacement,Osteoarthritis,55,4,313100.0,2,None,0
C2366,P48332,2026-07-30,Hospital B,Angioplasty,Coronary Artery Disease,59,3,642200.0,2,Inflated Billing,1
C2367,P83774,2026-07-30,Hospital E,Appendectomy,Acute Appendicitis,46,3,108100.0,3,None,0
C2368,P22333,2026-07-31,Hospital D,Appendectomy,Acute Appendicitis,45,3,50200.0,1,None,0
C2369,P58870,2026-07-31,Hospital B,Angioplasty,Coronary Artery Disease,61,3,297000.0,2,None,0
C2370,P46504,2026-07-31,Hospital C,Angioplasty,Coronary Artery Disease,68,3,243100.0,2,None,0
C2371,P12301,2026-07-31,Hospital D,Cataract Surgery,Cataract,69,1,32900.0,3,None,0
C2372,P90366,2026-07-31,Hospital D,Cataract Surgery,Cataract,77,0,50800.0,2,None,0
C2373,P51647,2026-07-31,Hospital G,Cataract Surgery,Cataract,59,0,42600.0,0,None,0
C2374,P66854,2026-07-31,Hospital F,Cataract Surgery,Cataract,79,1,58100.0,5,None,0
C2375,P94931,2026-07-31,Hospital H,C-Section,Obstructed Labour,29,3,309300.0,3,Inflated Billing,1
C2376,P14534,2026-07-31,Hospital C,Appendectomy,Acute Appendicitis,27,3,64700.0,1,None,0
C2377,P45730,2026-07-31,Hospital C,Knee Replacement,Osteoarthritis,57,3,316400.0,2,None,0
C2378,P27177,2026-07-31,Hospital A,Appendectomy,Acute Appendicitis,24,3,89300.0,2,None,0
C2379,P65882,2026-07-31,Hospital F,Cataract Surgery,Cataract,62,1,44300.0,2,None,0
C2380,P79269,2026-08-01,Hospital G,Appendectomy,Acute Appendicitis,25,3,80600.0,3,None,0
C2381,P76738,2026-08-01,Hospital H,Angioplasty,Coronary Artery Disease,67,3,291500.0,3,None,0
C2382,P32050,2026-08-01,Hospital F,Appendectomy,Acute Appendicitis,12,3,182000.0,0,Inflated Billing,1
C2383,P26267,2026-08-01,Hospital H,Cataract Surgery,Obstructed Labour,64,0,77100.0,1,Diagnosis Mismatch,1
C2384,P63979,2026-08-01,Hospital C,C-Section,Obstructed Labour,24,4,82600.0,2,None,0
C2385,P28036,2026-08-01,Hospital G,Knee Replacement,Osteoarthritis,61,4,342300.0,3,None,0
C2386,P22720,2026-08-01,Hospital B,C-Section,Obstructed Labour,35,4,70800.0,5,None,0
C2387,P12042,2026-08-02,Hospital B,Cataract Surgery,Cataract,76,1,30500.0,0,None,0
C2388,P65833,2026-08-02,Hospital E,Cataract Surgery,Cataract,69,0,38600.0,2,None,0
C2389,P68442,2026-08-02,Hospital A,Angioplasty,Coronary Artery Disease,54,2,224800.0,2,None,0
C2390,P49743,2026-08-02,Hospital H,Knee Replacement,Osteoarthritis,61,3,444300.0,3,None,0
C2391,P12129,2026-08-02,Hospital H,C-Section,Obstructed Labour,31,3,85400.0,7,None,0
C2392,P18539,2026-08-02,Hospital C,C-Section,Obstructed Labour,28,4,105900.0,4,None,0
C2393,P42373,2026-08-02,Hospital F,Angioplasty,Coronary Artery Disease,66,3,159000.0,2,None,0
C2394,P13474,2026-08-02,Hospital D,C-Section,Obstructed Labour,32,4,70600.0,4,None,0
C2395,P12754,2026-08-02,Hospital E,Appendectomy,Acute Appendicitis,58,3,88300.0,2,None,0
C2396,P77151,2026-08-02,Hospital B,Appendectomy,Acute Appendicitis,26,0,77100.0,2,Abnormal Length of Stay,1
C2397,P14577,2026-08-03,Hospital B,Knee Replacement,Osteoarthritis,74,4,284400.0,1,None,0
C2398,P59897,2026-08-03,Hospital B,Appendectomy,Acute Appendicitis,26,3,70800.0,2,None,0
C2399,P99996,2026-08-03,Hospital C,Knee Replacement,Osteoarthritis,64,3,323500.0,1,None,0
C2400,P70881,2026-08-03,Hospital C,Knee Replacement,Osteoarthritis,58,4,260300.0,3,None,0
C2401,P71932,2026-08-03,Hospital H,Appendectomy,Acute Appendicitis,33,3,82200.0,2,None,0
C2402,P17783,2026-08-03,Hospital A,Cataract Surgery,Cataract,64,0,39800.0,1,None,0
C2403,P16300,2026-08-03,Hospital G,Appendectomy,Acute Appendicitis,49,2,72300.0,2,None,0
C2404,P63958,2026-08-03,Hospital B,Cataract Surgery,Cataract,66,1,36400.0,1,None,0
C2405,P25457,2026-08-03,Hospital A,Cataract Surgery,Cataract,77,0,48900.0,0,None,0
C2406,P96390,2026-08-03,Hospital G,Knee Replacement,Osteoarthritis,58,4,320300.0,2,None,0
C2407,P94213,2026-08-03,Hospital E,C-Section,Obstructed Labour,22,3,97300.0,0,None,0
C2408,P32042,2026-08-03,Hospital B,Appendectomy,Acute Appendicitis,13,3,51600.0,3,None,0
C2409,P64568,2026-08-04,Hospital D,Appendectomy,Acute Appendicitis,41,2,61500.0,1,None,0
C2410,P78905,2026-08-04,Hospital A,Appendectomy,Acute Appendicitis,52,3,63400.0,4,None,0
C2411,P92016,2026-08-04,Hospital A,Cataract Surgery,Cataract,51,0,45500.0,3,None,0
C2412,P36586,2026-08-04,Hospital B,C-Section,Obstructed Labour,27,4,92800.0,0,None,0
C2413,P33110,2026-08-04,Hospital C,Appendectomy,Acute Appendicitis,56,2,50400.0,1,None,0
C2414,P10072,2026-08-04,Hospital C,Appendectomy,Acute Appendicitis,22,2,83000.0,3,None,0
C2415,P61512,2026-08-04,Hospital D,Angioplasty,Coronary Artery Disease,72,2,185600.0,1,None,0
C2416,P18461,2026-08-04,Hospital A,Appendectomy,Acute Appendicitis,33,2,76200.0,2,None,0
C2417,P72623,2026-08-04,Hospital F,C-Section,Obstructed Labour,34,4,81800.0,1,None,0
C2418,P71236,2026-08-04,Hospital E,Angioplasty,Coronary Artery Disease,69,3,324400.0,1,None,0
C2419,P92182,2026-08-04,Hospital E,C-Section,Obstructed Labour,37,4,113600.0,3,None,0
C2420,P66126,2026-08-04,Hospital G,Cataract Surgery,Cataract,71,0,40800.0,2,None,0
C2421,P82768,2026-08-05,Hospital F,Appendectomy,Acute Appendicitis,54,3,89100.0,3,None,0
C2422,P21915,2026-08-05,Hospital A,Knee Replacement,Osteoarthritis,67,3,252000.0,3,None,0
C2423,P28484,2026-08-05,Hospital E,Knee Replacement,Osteoarthritis,63,3,365500.0,1,None,0
C2424,P27091,2026-08-05,Hospital A,Appendectomy,Acute Appendicitis,20,0,86900.0,2,Abnormal Length of Stay,1
C2425,P94176,2026-08-05,Hospital A,Appendectomy,Acute Appendicitis,27,2,86400.0,2,None,0
C2426,P59905,2026-08-05,Hospital B,C-Section,Obstructed Labour,30,4,119000.0,4,None,0
C2427,P75041,2026-08-05,Hospital H,Appendectomy,Coronary Artery Disease,56,3,108800.0,1,Diagnosis Mismatch,1
C2428,P96102,2026-08-05,Hospital A,C-Section,Obstructed Labour,23,3,71500.0,2,None,0
C2429,P39761,2026-08-05,Hospital E,Angioplasty,Coronary Artery Disease,74,3,229600.0,5,None,0
C2430,P55433,2026-08-05,Hospital G,Angioplasty,Coronary Artery Disease,59,3,439100.0,3,Inflated Billing,1
C2431,P62903,2026-08-05,Hospital G,Angioplasty,Coronary Artery Disease,54,2,177100.0,1,None,0
C2432,P53660,2026-08-05,Hospital D,Knee Replacement,Osteoarthritis,64,3,288000.0,3,None,0
C2433,P25090,2026-08-05,Hospital A,C-Section,Obstructed Labour,25,3,83400.0,2,None,0
C2434,P33922,2026-08-05,Hospital D,Cataract Surgery,Cataract,63,1,40700.0,3,None,0
C2435,P11637,2026-08-06,Hospital H,Cataract Surgery,Cataract,73,1,55000.0,3,None,0
C2436,P80491,2026-08-06,Hospital G,C-Section,Obstructed Labour,35,4,96400.0,2,None,0
C2437,P67054,2026-08-06,Hospital G,Cataract Surgery,Cataract,57,1,47400.0,5,None,0
C2438,P59029,2026-08-06,Hospital C,Knee Replacement,Osteoarthritis,68,3,347600.0,4,None,0
C2439,P37549,2026-08-06,Hospital A,Cataract Surgery,Cataract,55,0,32000.0,2,None,0
C2440,P48639,2026-08-06,Hospital E,Cataract Surgery,Cataract,53,0,79600.0,3,None,0
C2441,P11115,2026-08-06,Hospital H,Cataract Surgery,Cataract,59,1,68200.0,2,None,0
C2442,P78889,2026-08-06,Hospital E,C-Section,Obstructed Labour,27,3,148500.0,0,None,0
C2443,P36700,2026-08-06,Hospital D,Angioplasty,Coronary Artery Disease,53,2,262100.0,5,None,0
C2444,P44126,2026-08-06,Hospital D,C-Section,Obstructed Labour,25,3,96200.0,2,None,0
C2445,P40226,2026-08-06,Hospital G,Angioplasty,Coronary Artery Disease,55,3,229700.0,1,None,0
C2446,P66433,2026-08-07,Hospital H,Appendectomy,Acute Appendicitis,58,3,75200.0,2,None,0
C2447,P40723,2026-08-07,Hospital C,Cataract Surgery,Cataract,70,1,42000.0,0,None,0
C2448,P70933,2026-08-07,Hospital H,C-Section,Obstructed Labour,36,4,96800.0,2,None,0
C2449,P30668,2026-08-07,Hospital D,C-Section,Obstructed Labour,31,3,119900.0,2,None,0
C2450,P63046,2026-08-07,Hospital A,Cataract Surgery,Cataract,56,1,33700.0,1,None,0
C2451,P87203,2026-08-07,Hospital F,C-Section,Obstructed Labour,30,4,118300.0,3,None,0
C2452,P71509,2026-08-07,Hospital B,C-Section,Obstructed Labour,31,3,106700.0,4,None,0
C2453,P96658,2026-08-07,Hospital C,Appendectomy,Acute Appendicitis,46,3,155000.0,2,Inflated Billing,1
C2454,P35083,2026-08-07,Hospital E,Cataract Surgery,Cataract,66,0,58900.0,3,None,0
C2455,P92931,2026-08-07,Hospital A,Knee Replacement,Osteoarthritis,58,4,307400.0,2,None,0
C2456,P45286,2026-08-07,Hospital F,Cataract Surgery,Cataract,79,1,54300.0,2,None,0
C2457,P49127,2026-08-07,Hospital B,Angioplasty,Coronary Artery Disease,54,3,250900.0,1,None,0
C2458,P72320,2026-08-08,Hospital H,Knee Replacement,Osteoarthritis,58,3,342600.0,1,None,0
C2459,P63465,2026-08-08,Hospital H,Appendectomy,Acute Appendicitis,43,2,99800.0,1,None,0
C2460,P36172,2026-08-08,Hospital F,Knee Replacement,Osteoarthritis,65,4,308600.0,2,None,0
C2461,P31639,2026-08-08,Hospital D,Angioplasty,Coronary Artery Disease,74,2,153000.0,0,None,0
C2462,P94127,2026-08-08,Hospital C,Cataract Surgery,Cataract,63,0,48600.0,4,None,0
C2463,P90956,2026-08-08,Hospital F,C-Section,Obstructed Labour,32,3,106800.0,5,None,0
C2464,P84395,2026-08-08,Hospital B,Angioplasty,Coronary Artery Disease,59,2,281100.0,2,None,0
C2465,P76071,2026-08-08,Hospital B,Appendectomy,Acute Appendicitis,29,2,89400.0,3,None,0
C2466,P38594,2026-08-08,Hospital C,Knee Replacement,Osteoarthritis,68,4,315700.0,1,None,0
C2467,P68916,2026-08-08,Hospital E,Angioplasty,Coronary Artery Disease,71,2,275000.0,3,None,0
C2468,P82086,2026-08-08,Hospital D,C-Section,Obstructed Labour,35,4,114700.0,1,None,0
C2469,P39901,2026-08-08,Hospital H,Knee Replacement,Osteoarthritis,58,4,364500.0,2,None,0
C2470,P26663,2026-08-09,Hospital E,Appendectomy,Acute Appendicitis,47,2,99400.0,2,None,0
C2471,P52197,2026-08-09,Hospital D,Knee Replacement,Osteoarthritis,59,3,254500.0,2,None,0
C2472,P26257,2026-08-09,Hospital E,C-Section,Obstructed Labour,31,3,233000.0,7,Provider Outlier,1
C2473,P68279,2026-08-09,Hospital A,Appendectomy,Acute Appendicitis,34,2,62700.0,5,None,0
C2474,P14586,2026-08-09,Hospital H,Cataract Surgery,Cataract,66,1,81800.0,2,None,0
C2475,P15642,2026-08-09,Hospital G,C-Section,Obstructed Labour,35,3,117600.0,3,None,0
C2476,P36673,2026-08-09,Hospital D,Cataract Surgery,Cataract,78,1,49400.0,3,None,0
C2477,P58532,2026-08-09,Hospital G,C-Section,Obstructed Labour,23,4,93500.0,2,None,0
C2478,P44518,2026-08-09,Hospital E,Cataract Surgery,Cataract,55,1,89500.0,6,Inflated Billing,1
C2479,P22829,2026-08-09,Hospital H,C-Section,Obstructed Labour,37,4,113700.0,2,None,0
C2480,P90637,2026-08-09,Hospital D,Angioplasty,Coronary Artery Disease,57,3,287900.0,3,None,0
C2481,P89018,2026-08-09,Hospital D,Cataract Surgery,Cataract,51,1,57200.0,1,None,0
C2482,P93720,2026-08-09,Hospital F,Knee Replacement,Osteoarthritis,74,3,289300.0,3,None,0
C2483,P61432,2026-08-09,Hospital B,Cataract Surgery,Cataract,53,0,48300.0,4,None,0
C2484,P55958,2026-08-09,Hospital A,Cataract Surgery,Cataract,58,0,56600.0,3,None,0
C2485,P94245,2026-08-09,Hospital B,Appendectomy,Acute Appendicitis,14,2,87200.0,4,None,0
C2486,P39277,2026-08-09,Hospital B,Cataract Surgery,Cataract,60,0,58800.0,2,None,0
C2487,P33252,2026-08-10,Hospital F,Angioplasty,Coronary Artery Disease,59,2,193700.0,2,None,0
C2488,P80743,2026-08-10,Hospital B,C-Section,Obstructed Labour,35,3,95800.0,6,None,0
C2489,P29318,2026-08-10,Hospital F,Cataract Surgery,Cataract,59,1,37300.0,0,None,0
C2490,P42163,2026-08-10,Hospital A,C-Section,Obstructed Labour,35,3,109000.0,1,None,0
C2491,P53748,2026-08-10,Hospital A,Appendectomy,Acute Appendicitis,34,2,83300.0,2,None,0
C2492,P72303,2026-08-10,Hospital C,C-Section,Obstructed Labour,33,4,79000.0,1,None,0
C2493,P80132,2026-08-10,Hospital D,C-Section,Obstructed Labour,34,0,60300.0,2,Abnormal Length of Stay,1
C2494,P20797,2026-08-10,Hospital F,C-Section,Obstructed Labour,25,3,110000.0,0,None,0
C2495,P15383,2026-08-10,Hospital G,Appendectomy,Acute Appendicitis,37,3,79700.0,1,None,0
C2496,P95209,2026-08-11,Hospital B,Cataract Surgery,Cataract,79,0,38400.0,2,None,0
C2497,P53497,2026-08-11,Hospital C,Angioplasty,Coronary Artery Disease,60,3,234900.0,5,None,0
C2498,P49047,2026-08-11,Hospital F,Knee Replacement,Osteoarthritis,68,3,347900.0,1,None,0
C2499,P41138,2026-08-11,Hospital F,Cataract Surgery,Cataract,51,1,55600.0,0,None,0
C2500,P44126,2026-08-11,Hospital D,C-Section,Obstructed Labour,25,3,96200.0,2,Duplicate Claim,1
C2501,P33054,2026-08-11,Hospital C,Knee Replacement,Osteoarthritis,60,4,299300.0,2,None,0
C2502,P73415,2026-08-11,Hospital F,Knee Replacement,Osteoarthritis,55,3,308400.0,2,None,0
C2503,P95550,2026-08-11,Hospital A,C-Section,Obstructed Labour,29,4,73900.0,7,None,0
C2504,P27306,2026-08-11,Hospital B,Knee Replacement,Osteoarthritis,57,3,309400.0,1,None,0
C2505,P97056,2026-08-11,Hospital F,Appendectomy,Acute Appendicitis,22,3,74700.0,0,None,0
C2506,P66649,2026-08-12,Hospital A,Knee Replacement,Osteoarthritis,71,4,265700.0,6,None,0
C2507,P58352,2026-08-12,Hospital F,Cataract Surgery,Cataract,57,0,39900.0,1,None,0
C2508,P97329,2026-08-12,Hospital D,Appendectomy,Acute Appendicitis,16,3,64800.0,1,None,0
C2509,P38131,2026-08-12,Hospital H,C-Section,Obstructed Labour,28,3,118300.0,1,None,0
C2510,P72699,2026-08-12,Hospital A,Angioplasty,Coronary Artery Disease,56,2,179400.0,1,None,0
C2511,P44675,2026-08-12,Hospital F,Knee Replacement,Osteoarthritis,59,4,252300.0,1,None,0
C2512,P86397,2026-08-12,Hospital C,Cataract Surgery,Cataract,58,1,47800.0,1,None,0
C2513,P68939,2026-08-12,Hospital B,Angioplasty,Coronary Artery Disease,58,3,287500.0,0,None,0
C2514,P94467,2026-08-12,Hospital G,C-Section,Obstructed Labour,31,4,92700.0,4,None,0
C2515,P39894,2026-08-12,Hospital B,Cataract Surgery,Cataract,74,1,57700.0,1,None,0
C2516,P14572,2026-08-12,Hospital G,C-Section,Obstructed Labour,35,4,80500.0,1,None,0
C2517,P52277,2026-08-12,Hospital F,Appendectomy,Acute Appendicitis,42,3,53100.0,2,None,0
C2518,P32669,2026-08-12,Hospital G,Appendectomy,Acute Appendicitis,37,2,70000.0,2,None,0
C2519,P90933,2026-08-12,Hospital E,Cataract Surgery,Cataract,57,0,68700.0,2,None,0
C2520,P29799,2026-08-13,Hospital H,Cataract Surgery,Cataract,57,1,67500.0,2,None,0
C2521,P59668,2026-08-13,Hospital A,C-Section,Obstructed Labour,27,4,100300.0,2,None,0
C2522,P63465,2026-08-13,Hospital H,Appendectomy,Acute Appendicitis,43,2,99800.0,1,Duplicate Claim,1
C2523,P19750,2026-08-13,Hospital F,C-Section,Obstructed Labour,27,4,84000.0,4,None,0
C2524,P28534,2026-08-13,Hospital A,Cataract Surgery,Cataract,51,1,45900.0,0,None,0
C2525,P91140,2026-08-13,Hospital G,Angioplasty,Coronary Artery Disease,55,2,167700.0,3,None,0
C2526,P89187,2026-08-13,Hospital B,Appendectomy,Acute Appendicitis,55,3,72600.0,1,None,0
C2527,P57271,2026-08-13,Hospital F,C-Section,Obstructed Labour,22,4,115900.0,1,None,0
C2528,P37585,2026-08-13,Hospital H,Knee Replacement,Osteoarthritis,66,4,355200.0,0,None,0
C2529,P59193,2026-08-13,Hospital C,Angioplasty,Coronary Artery Disease,73,2,275400.0,1,None,0
C2530,P39923,2026-08-13,Hospital D,Angioplasty,Coronary Artery Disease,69,3,250200.0,2,None,0
C2531,P22832,2026-08-13,Hospital E,C-Section,Obstructed Labour,36,4,182100.0,1,Inflated Billing,1
C2532,P18399,2026-08-14,Hospital E,Appendectomy,Acute Appendicitis,54,3,108500.0,0,None,0
C2533,P76408,2026-08-14,Hospital C,Appendectomy,Acute Appendicitis,30,3,80900.0,1,None,0
C2534,P62510,2026-08-14,Hospital E,C-Section,Obstructed Labour,22,4,95300.0,1,None,0
C2535,P48538,2026-08-14,Hospital C,Angioplasty,Coronary Artery Disease,71,2,268900.0,0,None,0
C2536,P87483,2026-08-14,Hospital G,C-Section,Obstructed Labour,31,4,94400.0,1,None,0
C2537,P49186,2026-08-14,Hospital F,Knee Replacement,Osteoarthritis,65,4,316200.0,1,None,0
C2538,P58509,2026-08-14,Hospital C,C-Section,Obstructed Labour,28,3,116100.0,0,None,0
C2539,P88966,2026-08-14,Hospital B,Cataract Surgery,Cataract,63,1,37900.0,4,None,0
C2540,P38542,2026-08-14,Hospital A,Knee Replacement,Osteoarthritis,59,4,259700.0,1,None,0
C2541,P74377,2026-08-14,Hospital G,Appendectomy,Acute Appendicitis,58,3,78600.0,2,None,0
C2542,P53748,2026-08-14,Hospital A,Appendectomy,Acute Appendicitis,34,2,83300.0,2,Duplicate Claim,1
C2543,P48164,2026-08-14,Hospital A,Angioplasty,Coronary Artery Disease,65,3,159400.0,2,None,0
C2544,P14778,2026-08-14,Hospital C,Appendectomy,Acute Appendicitis,57,2,54100.0,2,None,0
C2545,P55716,2026-08-14,Hospital C,C-Section,Obstructed Labour,23,3,116600.0,2,None,0
C2546,P10922,2026-08-14,Hospital C,C-Section,Obstructed Labour,34,3,74100.0,2,None,0
C2547,P18920,2026-08-15,Hospital A,Cataract Surgery,Cataract,70,0,57700.0,6,None,0
C2548,P52513,2026-08-15,Hospital B,C-Section,Obstructed Labour,29,4,107800.0,0,None,0
C2549,P43304,2026-08-15,Hospital E,Cataract Surgery,Cataract,61,0,64000.0,1,None,0
C2550,P24573,2026-08-15,Hospital E,Cataract Surgery,Cataract,55,0,46900.0,4,None,0
C2551,P14553,2026-08-15,Hospital H,Angioplasty,Coronary Artery Disease,68,3,286200.0,1,None,0
C2552,P30455,2026-08-15,Hospital B,Appendectomy,Acute Appendicitis,21,3,74000.0,2,None,0
C2553,P10211,2026-08-15,Hospital F,Angioplasty,Coronary Artery Disease,71,3,279500.0,2,None,0
C2554,P52936,2026-08-15,Hospital B,Knee Replacement,Osteoarthritis,55,4,257200.0,1,None,0
C2555,P33296,2026-08-15,Hospital H,Knee Replacement,Osteoarthritis,63,4,432900.0,2,None,0
C2556,P46790,2026-08-15,Hospital D,Appendectomy,Cataract,19,3,66500.0,2,Diagnosis Mismatch,1
C2557,P38344,2026-08-15,Hospital D,C-Section,Obstructed Labour,25,4,66400.0,2,None,0
C2558,P71477,2026-08-15,Hospital A,Angioplasty,Coronary Artery Disease,63,2,255500.0,2,None,0
C2559,P27782,2026-08-15,Hospital H,Cataract Surgery,Cataract,78,0,57900.0,0,None,0
C2560,P63542,2026-08-15,Hospital G,Cataract Surgery,Cataract,62,0,35100.0,2,None,0
C2561,P85508,2026-08-15,Hospital H,Appendectomy,Acute Appendicitis,14,3,85400.0,1,None,0
C2562,P82787,2026-08-15,Hospital D,Knee Replacement,Osteoarthritis,63,4,319000.0,1,None,0
C2563,P70081,2026-08-15,Hospital F,Cataract Surgery,Cataract,68,1,53800.0,4,None,0
C2564,P74557,2026-08-16,Hospital D,C-Section,Obstructed Labour,36,3,81000.0,2,None,0
C2565,P70898,2026-08-16,Hospital B,C-Section,Obstructed Labour,32,3,93800.0,0,None,0
C2566,P88140,2026-08-16,Hospital G,C-Section,Obstructed Labour,31,4,91300.0,2,None,0
C2567,P72509,2026-08-16,Hospital B,Angioplasty,Coronary Artery Disease,54,3,198700.0,2,None,0
C2568,P59072,2026-08-16,Hospital G,C-Section,Obstructed Labour,29,4,60800.0,3,None,0
C2569,P16358,2026-08-16,Hospital D,Angioplasty,Coronary Artery Disease,66,3,276900.0,2,None,0
C2570,P54655,2026-08-16,Hospital D,C-Section,Obstructed Labour,28,3,234900.0,2,Inflated Billing,1
C2571,P26098,2026-08-16,Hospital B,Angioplasty,Coronary Artery Disease,63,2,252200.0,5,None,0
C2572,P74534,2026-08-16,Hospital H,Cataract Surgery,Cataract,60,0,73300.0,2,None,0
C2573,P76748,2026-08-16,Hospital C,Knee Replacement,Osteoarthritis,58,3,276100.0,0,None,0
C2574,P29380,2026-08-16,Hospital H,Cataract Surgery,Cataract,61,1,69800.0,0,None,0
C2575,P37163,2026-08-16,Hospital D,Appendectomy,Acute Appendicitis,16,3,73000.0,1,None,0
C2576,P61406,2026-08-16,Hospital D,Knee Replacement,Osteoarthritis,70,4,322100.0,0,None,0
C2577,P11568,2026-08-17,Hospital D,Angioplasty,Coronary Artery Disease,63,2,209100.0,1,None,0
C2578,P99657,2026-08-17,Hospital H,Knee Replacement,Osteoarthritis,55,4,443600.0,3,None,0
C2579,P83483,2026-08-17,Hospital H,Knee Replacement,Osteoarthritis,56,3,367500.0,2,None,0
C2580,P93810,2026-08-17,Hospital H,Appendectomy,Acute Appendicitis,18,3,92000.0,0,None,0
C2581,P34947,2026-08-17,Hospital G,Appendectomy,Acute Appendicitis,46,3,83200.0,5,None,0
C2582,P24058,2026-08-17,Hospital D,C-Section,Obstructed Labour,25,3,69800.0,3,None,0
C2583,P16583,2026-08-17,Hospital E,C-Section,Obstructed Labour,35,3,98400.0,3,None,0
C2584,P13249,2026-08-17,Hospital H,Knee Replacement,Osteoarthritis,71,4,327300.0,1,None,0
C2585,P92552,2026-08-17,Hospital C,Angioplasty,Coronary Artery Disease,67,2,294800.0,1,None,0
C2586,P44770,2026-08-17,Hospital A,Cataract Surgery,Cataract,55,1,40700.0,2,None,0
C2587,P73965,2026-08-17,Hospital C,Appendectomy,Acute Appendicitis,12,3,152000.0,3,Inflated Billing,1
C2588,P18570,2026-08-17,Hospital A,Angioplasty,Coronary Artery Disease,66,2,152100.0,1,None,0
C2589,P28841,2026-08-17,Hospital H,Angioplasty,Coronary Artery Disease,71,2,347500.0,6,None,0
C2590,P44675,2026-08-17,Hospital F,Knee Replacement,Osteoarthritis,59,4,252300.0,1,Duplicate Claim,1
C2591,P86592,2026-08-17,Hospital E,Cataract Surgery,Cataract,78,1,54200.0,0,None,0
C2592,P95098,2026-08-17,Hospital C,Angioplasty,Coronary Artery Disease,53,3,253900.0,1,None,0
C2593,P54021,2026-08-17,Hospital H,Knee Replacement,Osteoarthritis,55,4,425100.0,1,None,0
C2594,P68555,2026-08-17,Hospital D,C-Section,Obstructed Labour,28,4,84000.0,3,None,0
C2595,P97005,2026-08-18,Hospital F,C-Section,Obstructed Labour,22,3,60200.0,1,None,0
C2596,P24272,2026-08-18,Hospital D,Cataract Surgery,Cataract,65,1,31400.0,2,None,0
C2597,P17779,2026-08-18,Hospital A,Cataract Surgery,Cataract,79,1,31200.0,2,None,0
C2598,P56859,2026-08-18,Hospital G,C-Section,Obstructed Labour,30,3,79900.0,0,None,0
C2599,P33296,2026-08-18,Hospital H,Knee Replacement,Osteoarthritis,63,4,432900.0,2,Duplicate Claim,1
C2600,P16063,2026-08-18,Hospital D,Knee Replacement,Osteoarthritis,57,3,302800.0,0,None,0
C2601,P85424,2026-08-18,Hospital F,C-Section,Obstructed Labour,36,4,108200.0,4,None,0
C2602,P65403,2026-08-18,Hospital A,Angioplasty,Coronary Artery Disease,73,3,293100.0,4,None,0
C2603,P88070,2026-08-18,Hospital F,Cataract Surgery,Cataract,66,0,40600.0,3,None,0
C2604,P37899,2026-08-18,Hospital E,Angioplasty,Coronary Artery Disease,68,3,357700.0,2,None,0
C2605,P31735,2026-08-18,Hospital F,Knee Replacement,Osteoarthritis,57,4,299200.0,1,None,0
C2606,P18675,2026-08-18,Hospital D,Appendectomy,Acute Appendicitis,15,3,87400.0,1,None,0
C2607,P27924,2026-08-19,Hospital H,Knee Replacement,Osteoarthritis,57,3,346200.0,4,None,0
C2608,P47349,2026-08-19,Hospital E,C-Section,Obstructed Labour,25,3,151800.0,2,None,0
C2609,P31517,2026-08-19,Hospital H,Appendectomy,Acute Appendicitis,56,2,92900.0,1,None,0
C2610,P92120,2026-08-19,Hospital A,Appendectomy,Acute Appendicitis,36,3,62400.0,5,None,0
C2611,P25485,2026-08-19,Hospital A,Cataract Surgery,Cataract,53,0,40100.0,3,None,0
C2612,P20208,2026-08-19,Hospital A,C-Section,Obstructed Labour,32,3,90600.0,2,None,0
C2613,P47216,2026-08-19,Hospital H,C-Section,Obstructed Labour,26,3,143900.0,3,None,0
C2614,P14772,2026-08-19,Hospital E,C-Section,Obstructed Labour,37,3,101400.0,1,None,0
C2615,P92620,2026-08-20,Hospital H,Cataract Surgery,Cataract,58,7,66200.0,4,Abnormal Length of Stay,1
C2616,P42188,2026-08-20,Hospital A,Appendectomy,Acute Appendicitis,42,2,75500.0,1,None,0
C2617,P27348,2026-08-20,Hospital C,C-Section,Obstructed Labour,30,4,79700.0,3,None,0
C2618,P81770,2026-08-20,Hospital G,Cataract Surgery,Cataract,61,1,31700.0,1,None,0
C2619,P93266,2026-08-20,Hospital G,Appendectomy,Acute Appendicitis,42,3,65400.0,1,None,0
C2620,P97484,2026-08-20,Hospital A,Knee Replacement,Osteoarthritis,58,4,252400.0,4,None,0
C2621,P65735,2026-08-20,Hospital B,Cataract Surgery,Cataract,64,0,46000.0,2,None,0
C2622,P23312,2026-08-20,Hospital H,Cataract Surgery,Cataract,71,0,66300.0,1,None,0
C2623,P11852,2026-08-20,Hospital E,Cataract Surgery,Cataract,70,1,66600.0,2,None,0
C2624,P73554,2026-08-20,Hospital C,Appendectomy,Acute Appendicitis,51,2,50600.0,1,None,0
C2625,P11645,2026-08-20,Hospital A,Cataract Surgery,Cataract,77,1,30200.0,1,None,0
C2626,P24531,2026-08-20,Hospital C,C-Section,Obstructed Labour,29,4,60600.0,1,None,0
C2627,P56415,2026-08-20,Hospital A,Appendectomy,Acute Appendicitis,49,2,73600.0,0,None,0
C2628,P35610,2026-08-20,Hospital B,Knee Replacement,Osteoarthritis,66,4,313800.0,1,None,0
C2629,P93608,2026-08-20,Hospital H,Knee Replacement,Osteoarthritis,66,4,406900.0,1,None,0
C2630,P67183,2026-08-20,Hospital D,Cataract Surgery,Cataract,53,1,39200.0,1,None,0
C2631,P80162,2026-08-20,Hospital F,C-Section,Obstructed Labour,33,4,84100.0,3,None,0
C2632,P25205,2026-08-21,Hospital F,C-Section,Obstructed Labour,33,3,70900.0,1,None,0
C2633,P38370,2026-08-21,Hospital D,Cataract Surgery,Cataract,62,0,58700.0,1,None,0
C2634,P47329,2026-08-21,Hospital B,C-Section,Obstructed Labour,23,3,60100.0,0,None,0
C2635,P76054,2026-08-21,Hospital F,Cataract Surgery,Cataract,73,1,36400.0,4,None,0
C2636,P61421,2026-08-21,Hospital F,Knee Replacement,Osteoarthritis,59,3,316700.0,4,None,0
C2637,P89284,2026-08-21,Hospital H,Appendectomy,Acute Appendicitis,32,3,91400.0,3,None,0
C2638,P47118,2026-08-21,Hospital A,Appendectomy,Acute Appendicitis,50,3,114900.0,3,Inflated Billing,1
C2639,P82598,2026-08-21,Hospital C,Appendectomy,Acute Appendicitis,42,3,87200.0,3,None,0
C2640,P49557,2026-08-21,Hospital C,Cataract Surgery,Cataract,77,1,51600.0,3,None,0
C2641,P34774,2026-08-21,Hospital F,Cataract Surgery,Cataract,61,0,44300.0,3,None,0
C2642,P65790,2026-08-22,Hospital F,Appendectomy,Acute Appendicitis,22,3,58900.0,3,None,0
C2643,P89789,2026-08-22,Hospital D,C-Section,Obstructed Labour,30,3,76500.0,0,None,0
C2644,P10284,2026-08-22,Hospital H,Cataract Surgery,Cataract,67,0,62000.0,3,None,0
C2645,P65567,2026-08-22,Hospital E,Appendectomy,Acute Appendicitis,50,2,72000.0,2,None,0
C2646,P15203,2026-08-22,Hospital G,C-Section,Obstructed Labour,34,3,109000.0,3,None,0
C2647,P67232,2026-08-23,Hospital D,Cataract Surgery,Cataract,76,1,43800.0,2,None,0
C2648,P59405,2026-08-23,Hospital E,Appendectomy,Acute Appendicitis,55,3,104600.0,2,None,0
C2649,P66097,2026-08-23,Hospital C,Appendectomy,Acute Appendicitis,39,2,77200.0,1,None,0
C2650,P90605,2026-08-23,Hospital G,Appendectomy,Acute Appendicitis,20,3,75700.0,3,None,0
C2651,P97794,2026-08-23,Hospital B,Knee Replacement,Osteoarthritis,56,3,343200.0,2,None,0
C2652,P51434,2026-08-23,Hospital H,Angioplasty,Coronary Artery Disease,63,2,375000.0,1,None,0
C2653,P77470,2026-08-23,Hospital G,C-Section,Obstructed Labour,28,4,65300.0,3,None,0
C2654,P42514,2026-08-23,Hospital H,Appendectomy,Acute Appendicitis,31,3,78000.0,4,None,0
C2655,P18390,2026-08-23,Hospital H,Angioplasty,Coronary Artery Disease,72,2,236600.0,1,None,0
C2656,P61883,2026-08-23,Hospital H,Appendectomy,Acute Appendicitis,57,2,79200.0,2,None,0
C2657,P48512,2026-08-23,Hospital A,C-Section,Obstructed Labour,29,3,82500.0,2,None,0
C2658,P63213,2026-08-24,Hospital F,Appendectomy,Acute Appendicitis,43,8,60700.0,1,Abnormal Length of Stay,1
C2659,P26023,2026-08-24,Hospital G,Appendectomy,Acute Appendicitis,52,3,77400.0,2,None,0
C2660,P57338,2026-08-24,Hospital B,Cataract Surgery,Cataract,72,0,54200.0,1,None,0
C2661,P38748,2026-08-24,Hospital E,C-Section,Obstructed Labour,37,3,93700.0,2,None,0
C2662,P79028,2026-08-24,Hospital C,Cataract Surgery,Cataract,65,1,52200.0,1,None,0
C2663,P71374,2026-08-24,Hospital H,C-Section,Obstructed Labour,26,4,113700.0,2,None,0
C2664,P17655,2026-08-24,Hospital H,C-Section,Obstructed Labour,28,3,132700.0,4,None,0
C2665,P39017,2026-08-24,Hospital F,Cataract Surgery,Cataract,52,0,56900.0,5,None,0
C2666,P21642,2026-08-24,Hospital H,Appendectomy,Acute Appendicitis,20,3,79800.0,1,None,0
C2667,P14752,2026-08-24,Hospital B,Angioplasty,Coronary Artery Disease,51,2,186500.0,1,None,0
C2668,P66392,2026-08-25,Hospital D,Appendectomy,Acute Appendicitis,15,3,50900.0,4,None,0
C2669,P45155,2026-08-25,Hospital F,C-Section,Obstructed Labour,36,10,92800.0,4,Abnormal Length of Stay,1
C2670,P23312,2026-08-25,Hospital H,Cataract Surgery,Cataract,71,0,66300.0,1,Duplicate Claim,1
C2671,P20031,2026-08-25,Hospital G,C-Section,Obstructed Labour,22,4,64900.0,1,None,0
C2672,P60312,2026-08-25,Hospital G,Angioplasty,Coronary Artery Disease,58,2,198600.0,2,None,0
C2673,P42604,2026-08-25,Hospital F,Angioplasty,Coronary Artery Disease,62,3,151900.0,3,None,0
C2674,P24689,2026-08-25,Hospital D,Appendectomy,Acute Appendicitis,46,2,76200.0,2,None,0
C2675,P67943,2026-08-25,Hospital A,Knee Replacement,Osteoarthritis,71,4,331900.0,0,None,0
C2676,P56954,2026-08-25,Hospital F,C-Section,Obstructed Labour,22,3,75500.0,1,None,0
C2677,P23937,2026-08-25,Hospital E,C-Section,Obstructed Labour,28,3,130400.0,1,None,0
C2678,P56128,2026-08-25,Hospital H,Angioplasty,Coronary Artery Disease,70,3,253100.0,3,None,0
C2679,P17461,2026-08-25,Hospital B,Cataract Surgery,Cataract,73,1,35000.0,1,None,0
C2680,P65746,2026-08-26,Hospital D,Appendectomy,Acute Appendicitis,27,2,53600.0,1,None,0
C2681,P34165,2026-08-26,Hospital H,Appendectomy,Acute Appendicitis,18,3,113000.0,2,None,0
C2682,P88514,2026-08-26,Hospital G,Knee Replacement,Osteoarthritis,56,4,302900.0,5,None,0
C2683,P19157,2026-08-26,Hospital H,Appendectomy,Acute Appendicitis,48,2,71900.0,2,None,0
C2684,P60922,2026-08-26,Hospital D,Angioplasty,Coronary Artery Disease,68,2,244600.0,3,None,0
C2685,P81541,2026-08-26,Hospital G,Cataract Surgery,Cataract,61,1,55200.0,3,None,0
C2686,P87076,2026-08-26,Hospital F,Cataract Surgery,Cataract,69,0,50600.0,2,None,0
C2687,P47248,2026-08-26,Hospital B,C-Section,Obstructed Labour,22,3,116000.0,4,None,0
C2688,P20176,2026-08-26,Hospital B,Appendectomy,Acute Appendicitis,13,2,78500.0,5,None,0
C2689,P36962,2026-08-26,Hospital F,Knee Replacement,Osteoarthritis,65,3,275100.0,3,None,0
C2690,P74862,2026-08-26,Hospital G,Angioplasty,Coronary Artery Disease,62,2,271300.0,1,None,0
C2691,P76192,2026-08-26,Hospital A,Angioplasty,Coronary Artery Disease,56,2,230400.0,2,None,0
C2692,P84083,2026-08-26,Hospital G,Appendectomy,Acute Appendicitis,53,2,65500.0,4,None,0
C2693,P78697,2026-08-26,Hospital E,Angioplasty,Coronary Artery Disease,51,3,222500.0,2,None,0
C2694,P98014,2026-08-26,Hospital G,Appendectomy,Acute Appendicitis,26,3,50900.0,1,None,0
C2695,P49013,2026-08-26,Hospital F,C-Section,Obstructed Labour,30,4,109400.0,4,None,0
C2696,P20663,2026-08-26,Hospital H,Appendectomy,Acute Appendicitis,56,2,63500.0,1,None,0
C2697,P27053,2026-08-26,Hospital A,Angioplasty,Coronary Artery Disease,51,3,248800.0,2,None,0
C2698,P11383,2026-08-26,Hospital C,Knee Replacement,Osteoarthritis,58,4,262300.0,1,None,0
C2699,P14260,2026-08-27,Hospital A,Cataract Surgery,Cataract,50,1,40500.0,3,None,0
C2700,P71796,2026-08-27,Hospital C,Knee Replacement,Osteoarthritis,70,3,293800.0,2,None,0
C2701,P79716,2026-08-27,Hospital G,Knee Replacement,Osteoarthritis,71,4,338900.0,3,None,0
C2702,P94560,2026-08-27,Hospital B,Cataract Surgery,Cataract,54,1,51800.0,2,None,0
C2703,P46663,2026-08-27,Hospital D,Knee Replacement,Osteoarthritis,72,4,291700.0,0,None,0
C2704,P69690,2026-08-28,Hospital F,C-Section,Obstructed Labour,36,4,78800.0,2,None,0
C2705,P18842,2026-08-28,Hospital D,Cataract Surgery,Cataract,64,0,31600.0,2,None,0
C2706,P11557,2026-08-28,Hospital A,C-Section,Obstructed Labour,25,3,98400.0,3,None,0
C2707,P18816,2026-08-28,Hospital E,Cataract Surgery,Cataract,63,0,50200.0,0,None,0
C2708,P56777,2026-08-28,Hospital C,C-Section,Obstructed Labour,31,4,222000.0,3,Inflated Billing,1
C2709,P74506,2026-08-28,Hospital F,Appendectomy,Acute Appendicitis,28,2,52700.0,3,None,0
C2710,P93813,2026-08-28,Hospital B,Cataract Surgery,Cataract,71,1,41300.0,1,None,0
C2711,P54533,2026-08-28,Hospital D,Appendectomy,Acute Appendicitis,16,3,58200.0,2,None,0
C2712,P44138,2026-08-28,Hospital H,Angioplasty,Coronary Artery Disease,64,3,258800.0,0,None,0
C2713,P18350,2026-08-28,Hospital A,Angioplasty,Coronary Artery Disease,59,2,772100.0,1,Inflated Billing,1
C2714,P54005,2026-08-29,Hospital E,Knee Replacement,Osteoarthritis,57,3,454100.0,1,None,0
C2715,P59938,2026-08-29,Hospital E,Knee Replacement,Osteoarthritis,65,4,407400.0,0,None,0
C2716,P14688,2026-08-29,Hospital F,Angioplasty,Coronary Artery Disease,65,3,281700.0,3,None,0
C2717,P86106,2026-08-29,Hospital H,C-Section,Obstructed Labour,33,3,164800.0,3,None,0
C2718,P31380,2026-08-29,Hospital H,Angioplasty,Coronary Artery Disease,57,2,294100.0,2,None,0
C2719,P84536,2026-08-29,Hospital G,Appendectomy,Acute Appendicitis,14,3,80300.0,2,None,0
C2720,P69351,2026-08-29,Hospital F,Appendectomy,Acute Appendicitis,56,2,71700.0,1,None,0
C2721,P84621,2026-08-29,Hospital A,Angioplasty,Coronary Artery Disease,66,2,205400.0,3,None,0
C2722,P48996,2026-08-29,Hospital F,C-Section,Obstructed Labour,29,3,79900.0,2,None,0
C2723,P94113,2026-08-29,Hospital D,Appendectomy,Acute Appendicitis,18,3,89900.0,0,None,0
C2724,P54333,2026-08-29,Hospital G,Knee Replacement,Osteoarthritis,56,4,315600.0,3,None,0
C2725,P57262,2026-08-30,Hospital D,C-Section,Obstructed Labour,36,3,111700.0,1,None,0
C2726,P31528,2026-08-30,Hospital C,Angioplasty,Coronary Artery Disease,64,2,193000.0,2,None,0
C2727,P64588,2026-08-30,Hospital B,Appendectomy,Acute Appendicitis,33,2,75600.0,0,None,0
C2728,P71987,2026-08-30,Hospital A,Knee Replacement,Osteoarthritis,64,4,277500.0,2,None,0
C2729,P90202,2026-08-30,Hospital G,C-Section,Obstructed Labour,25,4,86000.0,1,None,0
C2730,P59828,2026-08-30,Hospital D,Cataract Surgery,Cataract,61,0,41200.0,0,None,0
C2731,P67832,2026-08-30,Hospital G,C-Section,Obstructed Labour,30,3,99400.0,2,None,0
C2732,P43372,2026-08-30,Hospital G,Knee Replacement,Osteoarthritis,65,3,270700.0,2,None,0
C2733,P43612,2026-08-30,Hospital C,Cataract Surgery,Cataract,75,1,53000.0,1,None,0
C2734,P47346,2026-08-30,Hospital G,Appendectomy,Acute Appendicitis,17,3,77000.0,1,None,0
C2735,P29976,2026-08-30,Hospital G,Appendectomy,Acute Appendicitis,35,2,82100.0,1,None,0
C2736,P72198,2026-08-30,Hospital F,Cataract Surgery,Cataract,58,0,37800.0,1,None,0
C2737,P72726,2026-08-30,Hospital B,Cataract Surgery,Cataract,66,1,54300.0,1,None,0
C2738,P71260,2026-08-30,Hospital G,Cataract Surgery,Cataract,73,1,30600.0,3,None,0
C2739,P36120,2026-08-30,Hospital H,C-Section,Obstructed Labour,34,3,104700.0,6,None,0
C2740,P42992,2026-08-30,Hospital D,C-Section,Obstructed Labour,28,3,66000.0,3,None,0
C2741,P42330,2026-08-30,Hospital F,Cataract Surgery,Cataract,75,0,38600.0,2,None,0
C2742,P67352,2026-08-30,Hospital D,C-Section,Obstructed Labour,34,4,84100.0,1,None,0
C2743,P51239,2026-08-30,Hospital A,Knee Replacement,Osteoarthritis,59,3,336600.0,6,None,0
C2744,P64495,2026-08-31,Hospital A,Cataract Surgery,Cataract,72,0,42400.0,3,None,0
C2745,P59129,2026-08-31,Hospital F,Cataract Surgery,Cataract,58,0,47000.0,0,None,0
C2746,P31043,2026-08-31,Hospital E,C-Section,Obstructed Labour,24,3,157300.0,2,None,0
C2747,P30554,2026-08-31,Hospital H,C-Section,Obstructed Labour,37,4,93100.0,2,None,0
C2748,P96592,2026-08-31,Hospital E,C-Section,Obstructed Labour,33,4,162900.0,6,Provider Outlier,1
C2749,P36586,2026-08-31,Hospital A,Appendectomy,Acute Appendicitis,12,3,88400.0,0,None,0
C2750,P34589,2026-08-31,Hospital E,Knee Replacement,Osteoarthritis,61,4,337300.0,1,None,0
C2751,P61541,2026-08-31,Hospital H,Knee Replacement,Osteoarthritis,57,3,460000.0,3,None,0
C2752,P80629,2026-08-31,Hospital H,Knee Replacement,Osteoarthritis,64,3,389500.0,0,None,0
C2753,P28719,2026-08-31,Hospital C,C-Section,Obstructed Labour,25,4,62300.0,1,None,0
C2754,P68618,2026-08-31,Hospital G,Angioplasty,Coronary Artery Disease,72,2,213800.0,2,None,0
C2755,P77366,2026-08-31,Hospital G,Appendectomy,Acute Appendicitis,27,3,89300.0,2,None,0
C2756,P59823,2026-09-01,Hospital E,Angioplasty,Coronary Artery Disease,51,2,226700.0,0,None,0
C2757,P72295,2026-09-01,Hospital B,Appendectomy,Acute Appendicitis,35,3,72000.0,6,None,0
C2758,P18605,2026-09-01,Hospital B,Angioplasty,Coronary Artery Disease,52,3,291600.0,1,None,0
C2759,P64778,2026-09-01,Hospital G,Appendectomy,Acute Appendicitis,56,3,54400.0,1,None,0
C2760,P50834,2026-09-01,Hospital B,Cataract Surgery,Cataract,54,0,38500.0,2,None,0
C2761,P31441,2026-09-02,Hospital D,Cataract Surgery,Cataract,60,0,44600.0,3,None,0
C2762,P85912,2026-09-02,Hospital B,Appendectomy,Acute Appendicitis,13,2,58000.0,2,None,0
C2763,P84889,2026-09-02,Hospital G,Appendectomy,Acute Appendicitis,44,2,81500.0,1,None,0
C2764,P71752,2026-09-02,Hospital A,C-Section,Obstructed Labour,26,3,117700.0,1,None,0
C2765,P14790,2026-09-02,Hospital E,Cataract Surgery,Cataract,72,0,41700.0,3,None,0
C2766,P63458,2026-09-02,Hospital E,Cataract Surgery,Cataract,55,1,68300.0,1,None,0
C2767,P67625,2026-09-02,Hospital D,C-Section,Obstructed Labour,22,4,106200.0,4,None,0
C2768,P84222,2026-09-02,Hospital D,Cataract Surgery,Cataract,75,1,49000.0,4,None,0
C2769,P35870,2026-09-02,Hospital D,Appendectomy,Acute Appendicitis,57,2,73800.0,1,None,0
C2770,P68574,2026-09-02,Hospital B,Cataract Surgery,Cataract,77,1,57500.0,3,None,0
C2771,P15856,2026-09-02,Hospital B,Knee Replacement,Osteoarthritis,55,3,257400.0,1,None,0
C2772,P36996,2026-09-03,Hospital C,Knee Replacement,Osteoarthritis,64,4,323700.0,1,None,0
C2773,P18675,2026-09-03,Hospital C,Angioplasty,Coronary Artery Disease,55,3,232400.0,2,None,0
C2774,P77026,2026-09-03,Hospital D,Cataract Surgery,Cataract,50,0,41000.0,2,None,0
C2775,P98966,2026-09-03,Hospital H,Cataract Surgery,Cataract,71,1,65000.0,1,None,0
C2776,P21061,2026-09-03,Hospital D,C-Section,Obstructed Labour,30,3,118000.0,1,None,0
C2777,P90840,2026-09-03,Hospital F,Cataract Surgery,Cataract,75,0,33500.0,4,None,0
C2778,P76992,2026-09-03,Hospital A,Cataract Surgery,Cataract,79,0,53700.0,2,None,0
C2779,P13996,2026-09-03,Hospital C,Cataract Surgery,Cataract,58,1,40800.0,1,None,0
C2780,P72130,2026-09-03,Hospital C,Cataract Surgery,Cataract,63,1,40500.0,3,None,0
C2781,P65703,2026-09-03,Hospital G,Cataract Surgery,Cataract,52,0,50600.0,4,None,0
C2782,P67625,2026-09-03,Hospital D,C-Section,Obstructed Labour,22,4,106200.0,4,Duplicate Claim,1
C2783,P24589,2026-09-04,Hospital B,C-Section,Obstructed Labour,29,4,77200.0,1,None,0
C2784,P97280,2026-09-04,Hospital F,Angioplasty,Coronary Artery Disease,66,3,269600.0,2,None,0
C2785,P68056,2026-09-04,Hospital G,Appendectomy,Acute Appendicitis,28,2,70000.0,1,None,0
C2786,P28527,2026-09-04,Hospital H,C-Section,Obstructed Labour,37,4,114900.0,5,None,0
C2787,P33424,2026-09-04,Hospital A,Angioplasty,Coronary Artery Disease,72,2,204900.0,1,None,0
C2788,P19404,2026-09-04,Hospital G,Knee Replacement,Osteoarthritis,56,3,322400.0,3,None,0
C2789,P11114,2026-09-04,Hospital A,Appendectomy,Acute Appendicitis,12,3,55000.0,2,None,0
C2790,P32609,2026-09-04,Hospital E,Cataract Surgery,Cataract,60,0,51600.0,0,None,0
C2791,P14425,2026-09-04,Hospital A,C-Section,Obstructed Labour,29,4,118300.0,1,None,0
C2792,P57332,2026-09-04,Hospital E,Cataract Surgery,Cataract,77,0,46000.0,1,None,0
C2793,P42790,2026-09-04,Hospital E,Knee Replacement,Osteoarthritis,66,3,317600.0,2,None,0
C2794,P92919,2026-09-04,Hospital G,Knee Replacement,Osteoarthritis,60,4,331200.0,1,None,0
C2795,P25958,2026-09-04,Hospital F,Knee Replacement,Osteoarthritis,73,3,263300.0,1,None,0
C2796,P42799,2026-09-04,Hospital H,C-Section,Obstructed Labour,32,3,80000.0,3,None,0
C2797,P70082,2026-09-04,Hospital F,C-Section,Obstructed Labour,32,4,95000.0,2,None,0
C2798,P86179,2026-09-05,Hospital G,Cataract Surgery,Cataract,72,1,42900.0,2,None,0
C2799,P96592,2026-09-05,Hospital G,Cataract Surgery,Cataract,55,1,44900.0,4,None,0
C2800,P56399,2026-09-05,Hospital A,C-Section,Obstructed Labour,26,3,86500.0,1,None,0
C2801,P45017,2026-09-05,Hospital D,Knee Replacement,Osteoarthritis,63,3,266800.0,1,None,0
C2802,P62032,2026-09-05,Hospital C,Angioplasty,Coronary Artery Disease,62,3,260300.0,0,None,0
C2803,P68301,2026-09-05,Hospital C,Cataract Surgery,Cataract,76,1,36800.0,0,None,0
C2804,P61916,2026-09-05,Hospital A,C-Section,Obstructed Labour,23,3,116900.0,2,None,0
C2805,P56946,2026-09-05,Hospital C,Angioplasty,Coronary Artery Disease,56,3,205600.0,4,None,0
C2806,P83277,2026-09-05,Hospital B,Appendectomy,Acute Appendicitis,46,2,88400.0,3,None,0
C2807,P52285,2026-09-05,Hospital H,Knee Replacement,Osteoarthritis,58,3,402500.0,3,None,0
C2808,P64005,2026-09-06,Hospital B,Angioplasty,Coronary Artery Disease,51,3,242100.0,3,None,0
C2809,P32772,2026-09-06,Hospital F,Knee Replacement,Osteoarthritis,67,4,264600.0,2,None,0
C2810,P60565,2026-09-06,Hospital C,Knee Replacement,Osteoarthritis,55,4,318900.0,4,None,0
C2811,P29904,2026-09-06,Hospital H,Knee Replacement,Osteoarthritis,73,3,389800.0,3,None,0
C2812,P93597,2026-09-06,Hospital F,Angioplasty,Osteoarthritis,58,3,252700.0,1,Diagnosis Mismatch,1
C2813,P64369,2026-09-06,Hospital B,Appendectomy,Acute Appendicitis,53,2,158500.0,2,Inflated Billing,1
C2814,P42949,2026-09-06,Hospital D,Appendectomy,Acute Appendicitis,16,3,55700.0,0,None,0
C2815,P98919,2026-09-06,Hospital A,Appendectomy,Acute Appendicitis,26,2,88100.0,2,None,0
C2816,P19870,2026-09-06,Hospital G,Angioplasty,Coronary Artery Disease,51,2,294400.0,3,None,0
C2817,P85362,2026-09-06,Hospital A,C-Section,Obstructed Labour,37,3,101600.0,2,None,0
C2818,P50118,2026-09-06,Hospital E,Cataract Surgery,Cataract,79,0,71600.0,2,None,0
C2819,P73362,2026-09-06,Hospital F,Cataract Surgery,Cataract,50,1,41600.0,2,None,0
C2820,P97070,2026-09-06,Hospital C,Knee Replacement,Osteoarthritis,71,3,285500.0,0,None,0
C2821,P58242,2026-09-07,Hospital G,Angioplasty,Coronary Artery Disease,62,3,269900.0,3,None,0
C2822,P89716,2026-09-07,Hospital D,Appendectomy,Acute Appendicitis,50,3,80000.0,2,None,0
C2823,P13957,2026-09-07,Hospital C,Appendectomy,Acute Appendicitis,51,2,87000.0,2,None,0
C2824,P62520,2026-09-07,Hospital F,Angioplasty,Coronary Artery Disease,66,2,240700.0,2,None,0
C2825,P37405,2026-09-07,Hospital G,C-Section,Obstructed Labour,26,3,93100.0,3,None,0
C2826,P99787,2026-09-07,Hospital G,Angioplasty,Coronary Artery Disease,66,3,196300.0,4,None,0
C2827,P44001,2026-09-07,Hospital G,Appendectomy,Acute Appendicitis,59,3,88600.0,4,None,0
C2828,P48926,2026-09-08,Hospital D,Angioplasty,Coronary Artery Disease,50,3,199900.0,0,None,0
C2829,P69103,2026-09-08,Hospital A,Angioplasty,Coronary Artery Disease,61,2,195000.0,1,None,0
C2830,P22419,2026-09-08,Hospital A,Appendectomy,Acute Appendicitis,17,3,84400.0,0,None,0
C2831,P86292,2026-09-08,Hospital F,C-Section,Obstructed Labour,37,3,72200.0,3,None,0
C2832,P94882,2026-09-08,Hospital C,Angioplasty,Coronary Artery Disease,66,2,274200.0,1,None,0
C2833,P52971,2026-09-08,Hospital F,Cataract Surgery,Cataract,68,1,37300.0,3,None,0
C2834,P43449,2026-09-08,Hospital G,Appendectomy,Acute Appendicitis,55,2,77900.0,2,None,0
C2835,P40094,2026-09-08,Hospital G,Angioplasty,Coronary Artery Disease,71,3,204700.0,3,None,0
C2836,P84427,2026-09-08,Hospital B,Appendectomy,Acute Appendicitis,13,3,80400.0,0,None,0
C2837,P47744,2026-09-08,Hospital C,C-Section,Obstructed Labour,32,4,116100.0,5,None,0
C2838,P46183,2026-09-09,Hospital C,Angioplasty,Coronary Artery Disease,62,2,291600.0,2,None,0
C2839,P60948,2026-09-09,Hospital D,Angioplasty,Coronary Artery Disease,65,3,158500.0,2,None,0
C2840,P85129,2026-09-09,Hospital H,Appendectomy,Acute Appendicitis,25,2,71100.0,0,None,0
C2841,P17445,2026-09-09,Hospital A,Appendectomy,Acute Appendicitis,16,3,72900.0,1,None,0
C2842,P20725,2026-09-09,Hospital D,Angioplasty,Coronary Artery Disease,67,2,202700.0,0,None,0
C2843,P32508,2026-09-09,Hospital B,Knee Replacement,Osteoarthritis,67,4,279000.0,1,None,0
C2844,P89588,2026-09-09,Hospital F,Cataract Surgery,Cataract,63,1,58900.0,4,None,0
C2845,P35438,2026-09-09,Hospital C,Angioplasty,Coronary Artery Disease,55,2,237400.0,5,None,0
C2846,P25573,2026-09-09,Hospital H,C-Section,Obstructed Labour,36,3,186800.0,7,Provider Outlier,1
C2847,P49246,2026-09-09,Hospital D,Knee Replacement,Osteoarthritis,62,4,316400.0,1,None,0
C2848,P72403,2026-09-09,Hospital H,Cataract Surgery,Cataract,55,0,44400.0,4,None,0
C2849,P18630,2026-09-09,Hospital G,Knee Replacement,Osteoarthritis,68,4,289600.0,1,None,0
C2850,P58075,2026-09-09,Hospital A,C-Section,Obstructed Labour,27,4,77800.0,4,None,0
C2851,P72590,2026-09-10,Hospital G,C-Section,Obstructed Labour,32,4,119500.0,1,None,0
C2852,P22950,2026-09-10,Hospital C,Appendectomy,Acute Appendicitis,32,3,70000.0,1,None,0
C2853,P90693,2026-09-10,Hospital B,Angioplasty,Coronary Artery Disease,51,3,352700.0,3,Inflated Billing,1
C2854,P98400,2026-09-10,Hospital E,Angioplasty,Coronary Artery Disease,66,2,234900.0,1,None,0
C2855,P46616,2026-09-10,Hospital F,Angioplasty,Coronary Artery Disease,59,3,163300.0,3,None,0
C2856,P24307,2026-09-10,Hospital A,Cataract Surgery,Cataract,68,0,43600.0,3,None,0
C2857,P14580,2026-09-10,Hospital E,Cataract Surgery,Cataract,77,0,60000.0,6,None,0
C2858,P76795,2026-09-10,Hospital H,Appendectomy,Acute Appendicitis,35,2,75900.0,1,None,0
C2859,P31493,2026-09-10,Hospital D,Appendectomy,Acute Appendicitis,39,3,62000.0,2,None,0
C2860,P49246,2026-09-10,Hospital D,Knee Replacement,Osteoarthritis,62,4,316400.0,1,Duplicate Claim,1
C2861,P55547,2026-09-11,Hospital C,Angioplasty,Coronary Artery Disease,63,3,210100.0,2,None,0
C2862,P40094,2026-09-11,Hospital G,Angioplasty,Coronary Artery Disease,71,3,204700.0,3,Duplicate Claim,1
C2863,P19870,2026-09-11,Hospital G,Angioplasty,Coronary Artery Disease,51,2,294400.0,3,Duplicate Claim,1
C2864,P12120,2026-09-11,Hospital H,Appendectomy,Acute Appendicitis,20,2,84100.0,1,None,0
C2865,P33011,2026-09-11,Hospital F,Appendectomy,Acute Appendicitis,16,3,56700.0,4,None,0
C2866,P75428,2026-09-11,Hospital A,Appendectomy,Acute Appendicitis,47,2,76400.0,0,None,0
C2867,P62103,2026-09-11,Hospital G,Angioplasty,Coronary Artery Disease,55,2,258500.0,1,None,0
C2868,P25294,2026-09-11,Hospital C,Knee Replacement,Osteoarthritis,58,3,275800.0,3,None,0
C2869,P85348,2026-09-12,Hospital F,Angioplasty,Coronary Artery Disease,67,3,243900.0,1,None,0
C2870,P11014,2026-09-12,Hospital C,Angioplasty,Coronary Artery Disease,66,2,270500.0,4,None,0
C2871,P20114,2026-09-12,Hospital G,Knee Replacement,Osteoarthritis,70,4,295100.0,2,None,0
C2872,P67549,2026-09-12,Hospital D,Appendectomy,Acute Appendicitis,59,3,50500.0,2,None,0
C2873,P80835,2026-09-12,Hospital C,Knee Replacement,Osteoarthritis,74,4,301400.0,2,None,0
C2874,P35806,2026-09-12,Hospital B,Angioplasty,Coronary Artery Disease,53,3,152600.0,1,None,0
C2875,P90923,2026-09-12,Hospital C,Cataract Surgery,Cataract,51,0,53200.0,0,None,0
C2876,P64384,2026-09-13,Hospital G,Knee Replacement,Osteoarthritis,56,4,313300.0,2,None,0
C2877,P31358,2026-09-13,Hospital D,Cataract Surgery,Cataract,76,1,46600.0,1,None,0
C2878,P18885,2026-09-13,Hospital A,Knee Replacement,Osteoarthritis,55,4,588800.0,2,Inflated Billing,1
C2879,P91520,2026-09-13,Hospital C,C-Section,Obstructed Labour,25,4,73800.0,4,None,0
C2880,P36079,2026-09-13,Hospital C,Knee Replacement,Osteoarthritis,72,3,334700.0,1,None,0
C2881,P33971,2026-09-13,Hospital B,Appendectomy,Acute Appendicitis,33,3,51100.0,3,None,0
C2882,P90729,2026-09-13,Hospital D,C-Section,Obstructed Labour,33,3,93400.0,1,None,0
C2883,P65557,2026-09-13,Hospital C,Cataract Surgery,Cataract,68,1,58900.0,2,None,0
C2884,P51692,2026-09-13,Hospital B,C-Section,Obstructed Labour,27,4,87700.0,1,None,0
C2885,P73738,2026-09-13,Hospital E,Angioplasty,Coronary Artery Disease,56,2,378300.0,1,None,0
C2886,P83392,2026-09-13,Hospital G,Cataract Surgery,Cataract,56,1,53000.0,5,None,0
C2887,P81346,2026-09-14,Hospital C,Angioplasty,Coronary Artery Disease,57,2,252900.0,3,None,0
C2888,P94178,2026-09-14,Hospital G,Cataract Surgery,Cataract,56,0,40600.0,1,None,0
C2889,P35390,2026-09-14,Hospital H,Knee Replacement,Osteoarthritis,69,4,475400.0,2,None,0
C2890,P93214,2026-09-14,Hospital D,Appendectomy,Acute Appendicitis,52,3,70900.0,1,None,0
C2891,P65252,2026-09-14,Hospital D,Appendectomy,Acute Appendicitis,34,2,74000.0,1,None,0
C2892,P12961,2026-09-14,Hospital D,C-Section,Obstructed Labour,27,4,82200.0,2,None,0
C2893,P10405,2026-09-14,Hospital A,Angioplasty,Coronary Artery Disease,61,3,278700.0,1,None,0
C2894,P38931,2026-09-14,Hospital H,Appendectomy,Acute Appendicitis,41,3,109300.0,6,Provider Outlier,1
C2895,P41235,2026-09-14,Hospital H,Angioplasty,Coronary Artery Disease,53,2,287500.0,2,None,0
C2896,P80904,2026-09-15,Hospital H,Angioplasty,Coronary Artery Disease,68,3,330100.0,1,None,0
C2897,P92139,2026-09-15,Hospital G,Appendectomy,Acute Appendicitis,31,2,59800.0,6,None,0
C2898,P49769,2026-09-15,Hospital F,Appendectomy,Acute Appendicitis,22,2,68800.0,4,None,0
C2899,P51114,2026-09-15,Hospital H,Angioplasty,Coronary Artery Disease,63,3,306800.0,5,None,0
C2900,P81001,2026-09-16,Hospital G,C-Section,Obstructed Labour,27,4,104300.0,2,None,0
C2901,P16107,2026-09-16,Hospital C,Cataract Surgery,Cataract,72,1,51900.0,0,None,0
C2902,P52653,2026-09-16,Hospital H,Angioplasty,Coronary Artery Disease,62,2,388000.0,5,None,0
C2903,P26553,2026-09-16,Hospital A,Appendectomy,Acute Appendicitis,58,3,61800.0,1,None,0
C2904,P51978,2026-09-16,Hospital F,Knee Replacement,Osteoarthritis,71,3,348500.0,1,None,0
C2905,P76004,2026-09-16,Hospital D,Angioplasty,Coronary Artery Disease,65,2,212800.0,3,None,0
C2906,P44117,2026-09-16,Hospital D,C-Section,Obstructed Labour,34,4,82400.0,4,None,0
C2907,P80280,2026-09-16,Hospital H,Cataract Surgery,Cataract,63,0,156200.0,1,Inflated Billing,1
C2908,P65668,2026-09-16,Hospital D,Angioplasty,Coronary Artery Disease,52,2,576500.0,0,Inflated Billing,1
C2909,P88088,2026-09-16,Hospital G,Appendectomy,Acute Appendicitis,15,2,69900.0,1,None,0
C2910,P40396,2026-09-16,Hospital A,Knee Replacement,Osteoarthritis,73,4,312800.0,4,None,0
C2911,P53067,2026-09-16,Hospital A,Knee Replacement,Osteoarthritis,74,3,303500.0,0,None,0
C2912,P91169,2026-09-16,Hospital H,Knee Replacement,Osteoarthritis,65,3,355100.0,5,None,0
C2913,P42919,2026-09-16,Hospital C,Knee Replacement,Osteoarthritis,62,4,305100.0,3,None,0
C2914,P89525,2026-09-16,Hospital E,Cataract Surgery,Cataract,76,1,65900.0,0,None,0
C2915,P45601,2026-09-17,Hospital H,C-Section,Obstructed Labour,37,3,99800.0,2,None,0
C2916,P19409,2026-09-17,Hospital C,Appendectomy,Acute Appendicitis,48,3,53100.0,0,None,0
C2917,P63947,2026-09-17,Hospital G,Angioplasty,Coronary Artery Disease,54,3,258700.0,2,None,0
C2918,P27666,2026-09-17,Hospital B,Angioplasty,Coronary Artery Disease,72,2,274200.0,2,None,0
C2919,P75791,2026-09-17,Hospital A,C-Section,Obstructed Labour,27,3,62700.0,2,None,0
C2920,P34487,2026-09-17,Hospital D,C-Section,Obstructed Labour,28,3,115500.0,1,None,0
C2921,P12132,2026-09-17,Hospital H,Knee Replacement,Osteoarthritis,57,4,479700.0,0,None,0
C2922,P60447,2026-09-17,Hospital B,C-Section,Obstructed Labour,23,3,112400.0,0,None,0
C2923,P94444,2026-09-17,Hospital C,Appendectomy,Acute Appendicitis,18,2,88100.0,5,None,0
C2924,P71367,2026-09-18,Hospital G,C-Section,Obstructed Labour,26,4,106400.0,3,None,0
C2925,P57808,2026-09-18,Hospital H,Angioplasty,Coronary Artery Disease,50,2,335000.0,5,None,0
C2926,P47175,2026-09-18,Hospital H,Cataract Surgery,Cataract,69,1,67100.0,0,None,0
C2927,P34059,2026-09-18,Hospital D,Knee Replacement,Osteoarthritis,69,3,304300.0,0,None,0
C2928,P10132,2026-09-18,Hospital F,Cataract Surgery,Cataract,57,0,37000.0,0,None,0
C2929,P60931,2026-09-18,Hospital G,C-Section,Obstructed Labour,29,4,110300.0,1,None,0
C2930,P42451,2026-09-18,Hospital B,C-Section,Acute Appendicitis,34,4,63100.0,1,Diagnosis Mismatch,1
C2931,P92652,2026-09-18,Hospital C,Cataract Surgery,Cataract,79,1,55400.0,1,None,0
C2932,P47703,2026-09-18,Hospital C,Angioplasty,Coronary Artery Disease,66,3,249300.0,2,None,0
C2933,P88797,2026-09-18,Hospital A,Angioplasty,Coronary Artery Disease,68,2,274000.0,2,None,0
C2934,P16903,2026-09-18,Hospital C,C-Section,Obstructed Labour,37,3,92200.0,2,None,0
C2935,P34923,2026-09-18,Hospital A,Knee Replacement,Osteoarthritis,71,0,278100.0,3,Abnormal Length of Stay,1
C2936,P90608,2026-09-18,Hospital D,Appendectomy,Acute Appendicitis,54,2,76200.0,2,None,0
C2937,P42977,2026-09-18,Hospital C,Cataract Surgery,Cataract,51,0,33600.0,2,None,0
C2938,P11989,2026-09-18,Hospital D,Angioplasty,Coronary Artery Disease,50,2,245000.0,1,None,0
C2939,P82289,2026-09-19,Hospital D,Knee Replacement,Osteoarthritis,61,4,295000.0,3,None,0
C2940,P59813,2026-09-19,Hospital G,C-Section,Obstructed Labour,28,4,72900.0,4,None,0
C2941,P59397,2026-09-19,Hospital F,Cataract Surgery,Cataract,55,0,49000.0,4,None,0
C2942,P70461,2026-09-19,Hospital A,Angioplasty,Coronary Artery Disease,57,2,154100.0,4,None,0
C2943,P46709,2026-09-19,Hospital D,Knee Replacement,Osteoarthritis,61,3,252400.0,1,None,0
C2944,P12977,2026-09-19,Hospital D,C-Section,Obstructed Labour,33,3,105600.0,2,None,0
C2945,P31901,2026-09-19,Hospital C,Appendectomy,Acute Appendicitis,55,11,66500.0,3,Abnormal Length of Stay,1
C2946,P71164,2026-09-19,Hospital G,C-Section,Obstructed Labour,24,4,84200.0,4,None,0
C2947,P19784,2026-09-19,Hospital H,C-Section,Obstructed Labour,37,3,106400.0,5,None,0
C2948,P68819,2026-09-19,Hospital G,Angioplasty,Coronary Artery Disease,66,3,276400.0,3,None,0
C2949,P83072,2026-09-20,Hospital A,Knee Replacement,Osteoarthritis,70,4,314500.0,3,None,0
C2950,P47958,2026-09-20,Hospital A,Cataract Surgery,Cataract,77,0,44300.0,1,None,0
C2951,P33799,2026-09-20,Hospital H,Angioplasty,Coronary Artery Disease,56,2,210700.0,6,None,0
C2952,P25852,2026-09-20,Hospital C,Knee Replacement,Osteoarthritis,67,3,311600.0,1,None,0
C2953,P83180,2026-09-20,Hospital E,Appendectomy,Acute Appendicitis,19,3,75000.0,2,None,0
C2954,P82491,2026-09-20,Hospital F,Angioplasty,Coronary Artery Disease,50,3,164300.0,0,None,0
C2955,P22050,2026-09-20,Hospital D,Angioplasty,Coronary Artery Disease,59,2,175800.0,3,None,0
C2956,P31393,2026-09-20,Hospital G,Appendectomy,Acute Appendicitis,54,2,67200.0,2,None,0
C2957,P21707,2026-09-21,Hospital B,Knee Replacement,Osteoarthritis,67,3,276600.0,0,None,0
C2958,P24560,2026-09-21,Hospital E,Angioplasty,Coronary Artery Disease,56,3,250600.0,1,None,0
C2959,P53024,2026-09-21,Hospital B,C-Section,Obstructed Labour,34,4,91500.0,2,None,0
C2960,P16844,2026-09-21,Hospital F,Appendectomy,Acute Appendicitis,59,3,51100.0,3,None,0
C2961,P45274,2026-09-21,Hospital B,Appendectomy,Acute Appendicitis,16,3,89500.0,1,None,0
C2962,P69725,2026-09-21,Hospital D,Knee Replacement,Osteoarthritis,61,4,279500.0,0,None,0
C2963,P66470,2026-09-21,Hospital H,Knee Replacement,Osteoarthritis,67,4,427300.0,3,None,0
C2964,P21425,2026-09-21,Hospital C,Cataract Surgery,Cataract,74,1,51200.0,2,None,0
C2965,P27193,2026-09-21,Hospital E,Angioplasty,Coronary Artery Disease,59,3,339000.0,3,None,0
C2966,P62270,2026-09-22,Hospital G,Appendectomy,Acute Appendicitis,38,2,57300.0,4,None,0
C2967,P62707,2026-09-22,Hospital B,Cataract Surgery,Cataract,65,0,45200.0,4,None,0
C2968,P13116,2026-09-22,Hospital H,Angioplasty,Coronary Artery Disease,50,3,482300.0,5,Inflated Billing,1
C2969,P80699,2026-09-22,Hospital G,Angioplasty,Coronary Artery Disease,64,2,197000.0,1,None,0
C2970,P18204,2026-09-22,Hospital B,Angioplasty,Coronary Artery Disease,62,3,161600.0,2,None,0
C2971,P82922,2026-09-22,Hospital D,C-Section,Obstructed Labour,34,4,96200.0,3,None,0
C2972,P30245,2026-09-22,Hospital F,Angioplasty,Coronary Artery Disease,59,2,173600.0,1,None,0
C2973,P14414,2026-09-22,Hospital H,Cataract Surgery,Cataract,61,0,53500.0,4,None,0
C2974,P24159,2026-09-22,Hospital G,Cataract Surgery,Cataract,67,0,38600.0,1,None,0
C2975,P89892,2026-09-22,Hospital H,C-Section,Obstructed Labour,31,3,129200.0,6,None,0
C2976,P64502,2026-09-22,Hospital B,Angioplasty,Coronary Artery Disease,74,2,275300.0,2,None,0
C2977,P44664,2026-09-22,Hospital C,Angioplasty,Coronary Artery Disease,60,2,206800.0,1,None,0
C2978,P31266,2026-09-22,Hospital C,Knee Replacement,Osteoarthritis,60,4,325300.0,1,None,0
C2979,P29722,2026-09-22,Hospital H,Angioplasty,Coronary Artery Disease,63,2,309500.0,1,None,0
C2980,P10811,2026-09-22,Hospital E,Angioplasty,Coronary Artery Disease,52,2,647800.0,9,Provider Outlier,1
C2981,P94807,2026-09-22,Hospital G,Cataract Surgery,Cataract,56,0,39000.0,3,None,0
C2982,P64532,2026-09-22,Hospital A,Knee Replacement,Osteoarthritis,71,3,255200.0,2,None,0
C2983,P33584,2026-09-23,Hospital A,Angioplasty,Coronary Artery Disease,55,3,197200.0,0,None,0
C2984,P38834,2026-09-23,Hospital G,Appendectomy,Acute Appendicitis,38,3,80900.0,1,None,0
C2985,P24003,2026-09-23,Hospital C,Appendectomy,Acute Appendicitis,15,2,50600.0,2,None,0
C2986,P76511,2026-09-23,Hospital D,C-Section,Obstructed Labour,28,4,66000.0,6,None,0
C2987,P21203,2026-09-23,Hospital D,Cataract Surgery,Cataract,62,1,35500.0,0,None,0
C2988,P41806,2026-09-23,Hospital B,Knee Replacement,Osteoarthritis,55,4,264800.0,2,None,0
C2989,P68982,2026-09-23,Hospital E,C-Section,Obstructed Labour,31,3,82700.0,4,None,0
C2990,P87307,2026-09-23,Hospital C,Cataract Surgery,Cataract,77,0,36000.0,1,None,0
C2991,P94954,2026-09-23,Hospital H,Appendectomy,Acute Appendicitis,29,2,276800.0,1,Inflated Billing,1
C2992,P71279,2026-09-23,Hospital F,C-Section,Obstructed Labour,28,4,108700.0,2,None,0
C2993,P79867,2026-09-23,Hospital C,Knee Replacement,Osteoarthritis,61,3,341600.0,2,None,0
C2994,P84817,2026-09-23,Hospital B,Appendectomy,Acute Appendicitis,14,2,68800.0,4,None,0
C2995,P74212,2026-09-23,Hospital D,Angioplasty,Coronary Artery Disease,65,3,255500.0,6,None,0
C2996,P19185,2026-09-23,Hospital H,Appendectomy,Acute Appendicitis,59,2,87400.0,5,None,0
C2997,P65089,2026-09-23,Hospital C,C-Section,Obstructed Labour,32,4,75100.0,0,None,0
C2998,P31162,2026-09-24,Hospital F,Cataract Surgery,Cataract,76,0,41400.0,2,None,0
C2999,P19835,2026-09-24,Hospital D,Knee Replacement,Osteoarthritis,59,4,298700.0,3,None,0
C3000,P92779,2026-09-24,Hospital C,C-Section,Obstructed Labour,31,3,114800.0,0,None,0
C3001,P52159,2026-09-24,Hospital G,Angioplasty,Coronary Artery Disease,63,2,211300.0,2,None,0
C3002,P14891,2026-09-24,Hospital G,C-Section,Obstructed Labour,36,4,96800.0,3,None,0
C3003,P55970,2026-09-24,Hospital F,Knee Replacement,Osteoarthritis,66,3,252700.0,3,None,0
C3004,P62183,2026-09-24,Hospital C,Knee Replacement,Osteoarthritis,68,3,258900.0,1,None,0
C3005,P47108,2026-09-24,Hospital A,Appendectomy,Acute Appendicitis,21,3,87300.0,3,None,0
C3006,P13008,2026-09-25,Hospital G,Angioplasty,Coronary Artery Disease,71,3,758500.0,1,Inflated Billing,1
C3007,P63954,2026-09-25,Hospital E,Knee Replacement,Osteoarthritis,70,3,501100.0,9,Provider Outlier,1
C3008,P33036,2026-09-25,Hospital F,Cataract Surgery,Cataract,77,0,45500.0,1,None,0
C3009,P11498,2026-09-25,Hospital F,Appendectomy,Acute Appendicitis,27,3,76500.0,4,None,0
C3010,P45122,2026-09-25,Hospital B,C-Section,Obstructed Labour,26,3,85900.0,3,None,0
C3011,P83950,2026-09-25,Hospital G,Appendectomy,Acute Appendicitis,20,2,54700.0,0,None,0
C3012,P64081,2026-09-25,Hospital H,Appendectomy,Acute Appendicitis,50,2,66400.0,2,None,0
C3013,P92355,2026-09-25,Hospital F,Knee Replacement,Osteoarthritis,67,4,293200.0,2,None,0
C3014,P10793,2026-09-25,Hospital E,Angioplasty,Coronary Artery Disease,74,3,249400.0,4,None,0
C3015,P52091,2026-09-25,Hospital D,Appendectomy,Acute Appendicitis,56,2,56500.0,0,None,0
C3016,P95466,2026-09-25,Hospital A,C-Section,Obstructed Labour,27,3,103800.0,3,None,0
C3017,P44512,2026-09-25,Hospital E,Appendectomy,Acute Appendicitis,51,3,118900.0,5,None,0
C3018,P95924,2026-09-25,Hospital F,Appendectomy,Acute Appendicitis,15,2,70800.0,2,None,0
C3019,P30251,2026-09-25,Hospital G,Appendectomy,Acute Appendicitis,27,2,90000.0,1,None,0
C3020,P30592,2026-09-25,Hospital G,Angioplasty,Coronary Artery Disease,73,3,288900.0,1,None,0
C3021,P17313,2026-09-25,Hospital G,Appendectomy,Acute Appendicitis,51,2,73200.0,2,None,0
C3022,P84225,2026-09-25,Hospital B,Appendectomy,Acute Appendicitis,36,2,59000.0,3,None,0
C3023,P46767,2026-09-26,Hospital C,Knee Replacement,Osteoarthritis,60,3,271500.0,1,None,0
C3024,P88571,2026-09-26,Hospital E,C-Section,Obstructed Labour,30,3,92700.0,2,None,0
C3025,P42738,2026-09-26,Hospital H,Cataract Surgery,Cataract,78,1,51100.0,3,None,0
C3026,P26612,2026-09-26,Hospital E,Cataract Surgery,Cataract,77,1,59400.0,1,None,0
C3027,P96830,2026-09-26,Hospital H,Knee Replacement,Osteoarthritis,74,4,338100.0,1,None,0
C3028,P61089,2026-09-26,Hospital D,C-Section,Obstructed Labour,24,4,69300.0,5,None,0
C3029,P96909,2026-09-26,Hospital F,Knee Replacement,Osteoarthritis,67,4,281000.0,0,None,0
C3030,P62292,2026-09-26,Hospital B,C-Section,Obstructed Labour,23,4,107300.0,4,None,0
C3031,P92467,2026-09-26,Hospital F,Angioplasty,Coronary Artery Disease,69,2,279000.0,2,None,0
C3032,P92352,2026-09-26,Hospital A,C-Section,Obstructed Labour,22,3,67500.0,3,None,0
C3033,P93383,2026-09-26,Hospital C,Cataract Surgery,Cataract,57,1,34200.0,1,None,0
C3034,P91705,2026-09-26,Hospital E,Angioplasty,Coronary Artery Disease,61,2,295400.0,3,None,0
C3035,P81405,2026-09-26,Hospital D,Knee Replacement,Osteoarthritis,59,3,326200.0,1,None,0
C3036,P56116,2026-09-26,Hospital D,C-Section,Obstructed Labour,30,4,117400.0,2,None,0
C3037,P22309,2026-09-27,Hospital H,Appendectomy,Acute Appendicitis,14,2,113600.0,2,None,0
C3038,P77352,2026-09-27,Hospital G,Cataract Surgery,Cataract,59,1,49800.0,2,None,0
C3039,P17965,2026-09-27,Hospital G,C-Section,Obstructed Labour,31,3,66400.0,4,None,0
C3040,P58021,2026-09-27,Hospital B,Angioplasty,Coronary Artery Disease,70,2,257600.0,1,None,0
C3041,P78234,2026-09-27,Hospital E,C-Section,Obstructed Labour,24,4,125500.0,2,None,0
C3042,P81405,2026-09-27,Hospital D,Knee Replacement,Osteoarthritis,59,3,326200.0,1,Duplicate Claim,1
C3043,P19905,2026-09-27,Hospital D,Knee Replacement,Osteoarthritis,62,3,286500.0,0,None,0
C3044,P31159,2026-09-27,Hospital B,Cataract Surgery,Cataract,65,1,38600.0,3,None,0
C3045,P58310,2026-09-27,Hospital A,Knee Replacement,Osteoarthritis,66,4,298900.0,3,None,0
C3046,P50553,2026-09-27,Hospital C,Appendectomy,Acute Appendicitis,30,2,54600.0,1,None,0
C3047,P98820,2026-09-27,Hospital H,Appendectomy,Acute Appendicitis,50,2,116500.0,6,Provider Outlier,1
C3048,P89105,2026-09-27,Hospital B,Angioplasty,Coronary Artery Disease,65,3,162800.0,1,None,0
